Apache Maven 3.9.11 (3e54c93a704957b63ee3494413a2b544fd3d825b)
Maven home: D:\apache-maven-3.9.11-bin\apache-maven-3.9.11
Java version: 1.8.0_472, vendor: Amazon.com Inc., runtime: C:\Users\da'mo\.jdks\corretto-1.8.0_472-1\jre
Default locale: zh_CN, platform encoding: GBK
OS name: "windows 11", version: "10.0", arch: "amd64", family: "windows"
[DEBUG] Created new class realm maven.api
[DEBUG] Importing foreign packages into class realm maven.api
[DEBUG]   Imported: javax.annotation.* < plexus.core
[DEBUG]   Imported: javax.annotation.security.* < plexus.core
[DEBUG]   Imported: javax.inject.* < plexus.core
[DEBUG]   Imported: org.apache.maven.* < plexus.core
[DEBUG]   Imported: org.apache.maven.artifact < plexus.core
[DEBUG]   Imported: org.apache.maven.classrealm < plexus.core
[DEBUG]   Imported: org.apache.maven.cli < plexus.core
[DEBUG]   Imported: org.apache.maven.configuration < plexus.core
[DEBUG]   Imported: org.apache.maven.exception < plexus.core
[DEBUG]   Imported: org.apache.maven.execution < plexus.core
[DEBUG]   Imported: org.apache.maven.execution.scope < plexus.core
[DEBUG]   Imported: org.apache.maven.graph < plexus.core
[DEBUG]   Imported: org.apache.maven.lifecycle < plexus.core
[DEBUG]   Imported: org.apache.maven.model < plexus.core
[DEBUG]   Imported: org.apache.maven.monitor < plexus.core
[DEBUG]   Imported: org.apache.maven.plugin < plexus.core
[DEBUG]   Imported: org.apache.maven.profiles < plexus.core
[DEBUG]   Imported: org.apache.maven.project < plexus.core
[DEBUG]   Imported: org.apache.maven.reporting < plexus.core
[DEBUG]   Imported: org.apache.maven.repository < plexus.core
[DEBUG]   Imported: org.apache.maven.rtinfo < plexus.core
[DEBUG]   Imported: org.apache.maven.settings < plexus.core
[DEBUG]   Imported: org.apache.maven.toolchain < plexus.core
[DEBUG]   Imported: org.apache.maven.usability < plexus.core
[DEBUG]   Imported: org.apache.maven.wagon.* < plexus.core
[DEBUG]   Imported: org.apache.maven.wagon.authentication < plexus.core
[DEBUG]   Imported: org.apache.maven.wagon.authorization < plexus.core
[DEBUG]   Imported: org.apache.maven.wagon.events < plexus.core
[DEBUG]   Imported: org.apache.maven.wagon.observers < plexus.core
[DEBUG]   Imported: org.apache.maven.wagon.proxy < plexus.core
[DEBUG]   Imported: org.apache.maven.wagon.repository < plexus.core
[DEBUG]   Imported: org.apache.maven.wagon.resource < plexus.core
[DEBUG]   Imported: org.codehaus.classworlds < plexus.core
[DEBUG]   Imported: org.codehaus.plexus.* < plexus.core
[DEBUG]   Imported: org.codehaus.plexus.classworlds < plexus.core
[DEBUG]   Imported: org.codehaus.plexus.component < plexus.core
[DEBUG]   Imported: org.codehaus.plexus.configuration < plexus.core
[DEBUG]   Imported: org.codehaus.plexus.container < plexus.core
[DEBUG]   Imported: org.codehaus.plexus.context < plexus.core
[DEBUG]   Imported: org.codehaus.plexus.lifecycle < plexus.core
[DEBUG]   Imported: org.codehaus.plexus.logging < plexus.core
[DEBUG]   Imported: org.codehaus.plexus.personality < plexus.core
[DEBUG]   Imported: org.codehaus.plexus.util.xml.Xpp3Dom < plexus.core
[DEBUG]   Imported: org.codehaus.plexus.util.xml.pull.XmlPullParser < plexus.core
[DEBUG]   Imported: org.codehaus.plexus.util.xml.pull.XmlPullParserException < plexus.core
[DEBUG]   Imported: org.codehaus.plexus.util.xml.pull.XmlSerializer < plexus.core
[DEBUG]   Imported: org.eclipse.aether.* < plexus.core
[DEBUG]   Imported: org.eclipse.aether.artifact < plexus.core
[DEBUG]   Imported: org.eclipse.aether.collection < plexus.core
[DEBUG]   Imported: org.eclipse.aether.deployment < plexus.core
[DEBUG]   Imported: org.eclipse.aether.graph < plexus.core
[DEBUG]   Imported: org.eclipse.aether.impl < plexus.core
[DEBUG]   Imported: org.eclipse.aether.installation < plexus.core
[DEBUG]   Imported: org.eclipse.aether.internal.impl < plexus.core
[DEBUG]   Imported: org.eclipse.aether.metadata < plexus.core
[DEBUG]   Imported: org.eclipse.aether.repository < plexus.core
[DEBUG]   Imported: org.eclipse.aether.resolution < plexus.core
[DEBUG]   Imported: org.eclipse.aether.spi < plexus.core
[DEBUG]   Imported: org.eclipse.aether.transfer < plexus.core
[DEBUG]   Imported: org.eclipse.aether.util < plexus.core
[DEBUG]   Imported: org.eclipse.aether.version < plexus.core
[DEBUG]   Imported: org.fusesource.jansi.* < plexus.core
[DEBUG]   Imported: org.slf4j.* < plexus.core
[DEBUG]   Imported: org.slf4j.event.* < plexus.core
[DEBUG]   Imported: org.slf4j.helpers.* < plexus.core
[DEBUG]   Imported: org.slf4j.spi.* < plexus.core
[DEBUG] Populating class realm maven.api
[DEBUG] Created adapter factory; available factories [file-lock, rwlock-local, semaphore-local, noop]; available name mappers [discriminating, file-gav, file-hgav, file-static, gav, static]
[INFO] Error stacktraces are turned on.
[DEBUG] Message scheme: color
[DEBUG] Message styles: debug info warning error success failure strong mojo project
[DEBUG] Reading global settings from D:\apache-maven-3.9.11-bin\apache-maven-3.9.11\conf\settings.xml
[DEBUG] Reading user settings from C:\Users\da'mo\.m2\settings.xml
[DEBUG] Reading global toolchains from D:\apache-maven-3.9.11-bin\apache-maven-3.9.11\conf\toolchains.xml
[DEBUG] Reading user toolchains from C:\Users\da'mo\.m2\toolchains.xml
[DEBUG] Using local repository at D:\apache-maven-3.9.11-bin\maven_localRepository
[DEBUG] Using manager EnhancedLocalRepositoryManager with priority 10.0 for D:\apache-maven-3.9.11-bin\maven_localRepository
[INFO] Scanning for projects...
[DEBUG] Creating adapter using nameMapper 'gav' and factory 'rwlock-local'
[DEBUG] Using mirror alimaven (http://maven.aliyun.com/nexus/content/groups/public/) for central (https://repo.maven.apache.org/maven2).
[DEBUG] Extension realms for project org.example:student_health:jar:1.0.0: (none)
[DEBUG] Looking up lifecycle mappings for packaging jar from ClassRealm[plexus.core, parent: null]
[DEBUG] Extension realms for project org.springframework.boot:spring-boot-starter-parent:pom:2.7.18: (none)
[DEBUG] Looking up lifecycle mappings for packaging pom from ClassRealm[plexus.core, parent: null]
[DEBUG] Extension realms for project org.springframework.boot:spring-boot-dependencies:pom:2.7.18: (none)
[DEBUG] Looking up lifecycle mappings for packaging pom from ClassRealm[plexus.core, parent: null]
[DEBUG] === REACTOR BUILD PLAN ================================================
[DEBUG] Project: org.example:student_health:jar:1.0.0
[DEBUG] Tasks:   [compile]
[DEBUG] Style:   Regular
[DEBUG] =======================================================================
[INFO] 
[INFO] ---------------------< org.example:student_health >---------------------
[INFO] Building student_health 1.0.0
[INFO]   from pom.xml
[INFO] --------------------------------[ jar ]---------------------------------
[DEBUG] Lifecycle clean -> [pre-clean, clean, post-clean]
[DEBUG] Lifecycle default -> [validate, initialize, generate-sources, process-sources, generate-resources, process-resources, compile, process-classes, generate-test-sources, process-test-sources, generate-test-resources, process-test-resources, test-compile, process-test-classes, test, prepare-package, package, pre-integration-test, integration-test, post-integration-test, verify, install, deploy]
[DEBUG] Lifecycle site -> [pre-site, site, post-site, site-deploy]
[DEBUG] Lifecycle clean -> [pre-clean, clean, post-clean]
[DEBUG] Lifecycle default -> [validate, initialize, generate-sources, process-sources, generate-resources, process-resources, compile, process-classes, generate-test-sources, process-test-sources, generate-test-resources, process-test-resources, test-compile, process-test-classes, test, prepare-package, package, pre-integration-test, integration-test, post-integration-test, verify, install, deploy]
[DEBUG] Lifecycle site -> [pre-site, site, post-site, site-deploy]
[DEBUG] Lifecycle clean -> [pre-clean, clean, post-clean]
[DEBUG] Lifecycle default -> [validate, initialize, generate-sources, process-sources, generate-resources, process-resources, compile, process-classes, generate-test-sources, process-test-sources, generate-test-resources, process-test-resources, test-compile, process-test-classes, test, prepare-package, package, pre-integration-test, integration-test, post-integration-test, verify, install, deploy]
[DEBUG] Lifecycle site -> [pre-site, site, post-site, site-deploy]
[DEBUG] === PROJECT BUILD PLAN ================================================
[DEBUG] Project:       org.example:student_health:1.0.0
[DEBUG] Dependencies (collect): []
[DEBUG] Dependencies (resolve): [compile]
[DEBUG] Repositories (dependencies): [myRepository (http://10.21.10.84:8081/nexus/content/groups/public/, default, releases+snapshots), alimaven (http://maven.aliyun.com/nexus/content/groups/public/, default, releases)]
[DEBUG] Repositories (plugins)     : [alimaven (http://maven.aliyun.com/nexus/content/groups/public/, default, releases)]
[DEBUG] -----------------------------------------------------------------------
[DEBUG] Goal:          org.apache.maven.plugins:maven-resources-plugin:3.2.0:resources (default-resources)
[DEBUG] Style:         Regular
[DEBUG] Configuration: <?xml version="1.0" encoding="UTF-8"?>
<configuration>
  <addDefaultExcludes default-value="true"/>
  <buildFilters default-value="${project.build.filters}"/>
  <delimiters>
    <delimiter>@</delimiter>
  </delimiters>
  <encoding default-value="${project.build.sourceEncoding}"/>
  <escapeWindowsPaths default-value="true"/>
  <fileNameFiltering default-value="false"/>
  <includeEmptyDirs default-value="false"/>
  <outputDirectory default-value="${project.build.outputDirectory}"/>
  <overwrite default-value="false"/>
  <project default-value="${project}"/>
  <propertiesEncoding>UTF-8</propertiesEncoding>
  <resources default-value="${project.resources}"/>
  <session default-value="${session}"/>
  <skip default-value="false">${maven.resources.skip}</skip>
  <supportMultiLineFiltering default-value="false"/>
  <useBuildFilters default-value="true"/>
  <useDefaultDelimiters default-value="true">false</useDefaultDelimiters>
</configuration>
[DEBUG] -----------------------------------------------------------------------
[DEBUG] Goal:          org.apache.maven.plugins:maven-compiler-plugin:3.10.1:compile (default-compile)
[DEBUG] Style:         Regular
[DEBUG] Configuration: <?xml version="1.0" encoding="UTF-8"?>
<configuration>
  <annotationProcessorPaths>
    <path>
      <groupId>org.projectlombok</groupId>
      <artifactId>lombok</artifactId>
      <version>1.18.32</version>
    </path>
  </annotationProcessorPaths>
  <basedir default-value="${basedir}"/>
  <buildDirectory default-value="${project.build.directory}"/>
  <compilePath default-value="${project.compileClasspathElements}"/>
  <compileSourceRoots default-value="${project.compileSourceRoots}"/>
  <compilerId default-value="javac">${maven.compiler.compilerId}</compilerId>
  <compilerReuseStrategy default-value="${reuseCreated}">${maven.compiler.compilerReuseStrategy}</compilerReuseStrategy>
  <compilerVersion>${maven.compiler.compilerVersion}</compilerVersion>
  <createMissingPackageInfoClass default-value="true">${maven.compiler.createMissingPackageInfoClass}</createMissingPackageInfoClass>
  <debug default-value="true">${maven.compiler.debug}</debug>
  <debugFileName default-value="javac"/>
  <debuglevel>${maven.compiler.debuglevel}</debuglevel>
  <enablePreview default-value="false">${maven.compiler.enablePreview}</enablePreview>
  <encoding default-value="${project.build.sourceEncoding}">${encoding}</encoding>
  <executable>${maven.compiler.executable}</executable>
  <failOnError default-value="true">${maven.compiler.failOnError}</failOnError>
  <failOnWarning default-value="false">${maven.compiler.failOnWarning}</failOnWarning>
  <forceJavacCompilerUse default-value="false">${maven.compiler.forceJavacCompilerUse}</forceJavacCompilerUse>
  <fork default-value="false">${maven.compiler.fork}</fork>
  <generatedSourcesDirectory default-value="${project.build.directory}/generated-sources/annotations"/>
  <maxmem>${maven.compiler.maxmem}</maxmem>
  <meminitial>${maven.compiler.meminitial}</meminitial>
  <mojoExecution default-value="${mojoExecution}"/>
  <optimize default-value="false">${maven.compiler.optimize}</optimize>
  <outputDirectory default-value="${project.build.outputDirectory}"/>
  <parameters default-value="false">true</parameters>
  <project default-value="${project}"/>
  <projectArtifact default-value="${project.artifact}"/>
  <release>${maven.compiler.release}</release>
  <session default-value="${session}"/>
  <showDeprecation default-value="false">${maven.compiler.showDeprecation}</showDeprecation>
  <showWarnings default-value="false">${maven.compiler.showWarnings}</showWarnings>
  <skipMain>${maven.main.skip}</skipMain>
  <skipMultiThreadWarning default-value="false">${maven.compiler.skipMultiThreadWarning}</skipMultiThreadWarning>
  <source default-value="1.7">8</source>
  <staleMillis default-value="0">${lastModGranularityMs}</staleMillis>
  <target default-value="1.7">8</target>
  <useIncrementalCompilation default-value="true">${maven.compiler.useIncrementalCompilation}</useIncrementalCompilation>
  <verbose default-value="false">${maven.compiler.verbose}</verbose>
</configuration>
[DEBUG] =======================================================================
[DEBUG] Dependency collection stats {ConflictMarker.analyzeTime=962600, ConflictMarker.markTime=695900, ConflictMarker.nodeCount=276, ConflictIdSorter.graphTime=606700, ConflictIdSorter.topsortTime=293400, ConflictIdSorter.conflictIdCount=127, ConflictIdSorter.conflictIdCycleCount=0, ConflictResolver.totalTime=10053500, ConflictResolver.conflictItemCount=245, DfDependencyCollector.collectTime=798574000, DfDependencyCollector.transformTime=50814700}
[DEBUG] org.example:student_health:jar:1.0.0
[DEBUG]    org.springframework.boot:spring-boot-starter-web:jar:2.7.18:compile
[DEBUG]       org.springframework.boot:spring-boot-starter:jar:2.7.18:compile (version managed from 2.7.18)
[DEBUG]          org.springframework.boot:spring-boot:jar:2.7.18:compile (version managed from 2.7.18)
[DEBUG]          org.springframework.boot:spring-boot-autoconfigure:jar:2.7.18:compile (version managed from 2.7.18)
[DEBUG]          org.springframework.boot:spring-boot-starter-logging:jar:2.7.18:compile (version managed from 2.7.18)
[DEBUG]             ch.qos.logback:logback-classic:jar:1.2.12:compile (version managed from 1.2.12)
[DEBUG]                ch.qos.logback:logback-core:jar:1.2.12:compile (version managed from 1.2.12)
[DEBUG]             org.apache.logging.log4j:log4j-to-slf4j:jar:2.17.2:compile (version managed from 2.17.2)
[DEBUG]                org.apache.logging.log4j:log4j-api:jar:2.17.2:compile (version managed from 2.17.2)
[DEBUG]             org.slf4j:jul-to-slf4j:jar:1.7.36:compile (version managed from 1.7.36)
[DEBUG]          jakarta.annotation:jakarta.annotation-api:jar:1.3.5:compile (version managed from 1.3.5)
[DEBUG]          org.yaml:snakeyaml:jar:1.30:compile (version managed from 1.30)
[DEBUG]       org.springframework.boot:spring-boot-starter-json:jar:2.7.18:compile (version managed from 2.7.18)
[DEBUG]          com.fasterxml.jackson.datatype:jackson-datatype-jdk8:jar:2.13.5:compile (version managed from 2.13.5)
[DEBUG]          com.fasterxml.jackson.datatype:jackson-datatype-jsr310:jar:2.13.5:compile (version managed from 2.13.5)
[DEBUG]          com.fasterxml.jackson.module:jackson-module-parameter-names:jar:2.13.5:compile (version managed from 2.13.5)
[DEBUG]       org.springframework.boot:spring-boot-starter-tomcat:jar:2.7.18:compile (version managed from 2.7.18)
[DEBUG]          org.apache.tomcat.embed:tomcat-embed-core:jar:9.0.83:compile (version managed from 9.0.83)
[DEBUG]          org.apache.tomcat.embed:tomcat-embed-websocket:jar:9.0.83:compile (version managed from 9.0.83)
[DEBUG]       org.springframework:spring-web:jar:5.3.31:compile (version managed from 5.3.31)
[DEBUG]          org.springframework:spring-beans:jar:5.3.31:compile (version managed from 5.3.31)
[DEBUG]       org.springframework:spring-webmvc:jar:5.3.31:compile (version managed from 5.3.31)
[DEBUG]          org.springframework:spring-context:jar:5.3.31:compile (version managed from 5.3.31)
[DEBUG]          org.springframework:spring-expression:jar:5.3.31:compile (version managed from 5.3.31)
[DEBUG]    org.springframework.boot:spring-boot-starter-aop:jar:2.7.18:compile
[DEBUG]       org.springframework:spring-aop:jar:5.3.31:compile (version managed from 5.3.31)
[DEBUG]       org.aspectj:aspectjweaver:jar:1.9.7:compile (version managed from 1.9.7)
[DEBUG]    org.springframework.boot:spring-boot-starter-validation:jar:2.7.18:compile
[DEBUG]       org.apache.tomcat.embed:tomcat-embed-el:jar:9.0.83:compile (version managed from 9.0.83)
[DEBUG]       org.hibernate.validator:hibernate-validator:jar:6.2.5.Final:compile (version managed from 6.2.5.Final)
[DEBUG]          jakarta.validation:jakarta.validation-api:jar:2.0.2:compile (version managed from 2.0.2)
[DEBUG]          org.jboss.logging:jboss-logging:jar:3.4.3.Final:compile (version managed from 3.4.1.Final)
[DEBUG]          com.fasterxml:classmate:jar:1.5.1:compile (version managed from 1.5.1)
[DEBUG]    org.springframework.boot:spring-boot-starter-security:jar:2.7.18:compile
[DEBUG]       org.springframework.security:spring-security-config:jar:5.7.11:compile (version managed from 5.7.11)
[DEBUG]          org.springframework.security:spring-security-core:jar:5.7.11:compile (version managed from 5.7.11)
[DEBUG]             org.springframework.security:spring-security-crypto:jar:5.7.11:compile (version managed from 5.7.11)
[DEBUG]       org.springframework.security:spring-security-web:jar:5.7.11:compile (version managed from 5.7.11)
[DEBUG]    org.mybatis.spring.boot:mybatis-spring-boot-starter:jar:2.3.2:compile
[DEBUG]       org.springframework.boot:spring-boot-starter-jdbc:jar:2.7.18:compile (version managed from 2.7.18)
[DEBUG]          com.zaxxer:HikariCP:jar:4.0.3:compile (version managed from 4.0.3)
[DEBUG]          org.springframework:spring-jdbc:jar:5.3.31:compile (version managed from 5.3.31)
[DEBUG]       org.mybatis.spring.boot:mybatis-spring-boot-autoconfigure:jar:2.3.2:compile
[DEBUG]       org.mybatis:mybatis:jar:3.5.14:compile
[DEBUG]       org.mybatis:mybatis-spring:jar:2.1.2:compile
[DEBUG]    com.mysql:mysql-connector-j:jar:8.0.33:runtime (exclusions managed from [com.google.protobuf:protobuf-java:*:*])
[DEBUG]    org.springframework.boot:spring-boot-starter-data-redis:jar:2.7.18:compile
[DEBUG]       org.springframework.data:spring-data-redis:jar:2.7.18:compile (version managed from 2.7.18)
[DEBUG]          org.springframework.data:spring-data-keyvalue:jar:2.7.18:compile (version managed from 2.7.18)
[DEBUG]             org.springframework.data:spring-data-commons:jar:2.7.18:compile (version managed from 2.7.18)
[DEBUG]          org.springframework:spring-oxm:jar:5.3.31:compile (version managed from 5.3.31)
[DEBUG]       io.lettuce:lettuce-core:jar:6.1.10.RELEASE:compile (version managed from 6.1.10.RELEASE)
[DEBUG]          io.netty:netty-common:jar:4.1.101.Final:compile (version managed from 4.1.82.Final)
[DEBUG]          io.netty:netty-handler:jar:4.1.101.Final:compile (version managed from 4.1.82.Final)
[DEBUG]             io.netty:netty-resolver:jar:4.1.101.Final:compile (version managed from 4.1.101.Final)
[DEBUG]             io.netty:netty-buffer:jar:4.1.101.Final:compile (version managed from 4.1.101.Final)
[DEBUG]             io.netty:netty-transport-native-unix-common:jar:4.1.101.Final:compile (version managed from 4.1.101.Final)
[DEBUG]             io.netty:netty-codec:jar:4.1.101.Final:compile (version managed from 4.1.101.Final)
[DEBUG]          io.netty:netty-transport:jar:4.1.101.Final:compile (version managed from 4.1.82.Final)
[DEBUG]          io.projectreactor:reactor-core:jar:3.4.34:compile (version managed from 3.3.22.RELEASE)
[DEBUG]             org.reactivestreams:reactive-streams:jar:1.0.4:compile (version managed from 1.0.4)
[DEBUG]    org.springframework.boot:spring-boot-starter-quartz:jar:2.7.18:compile
[DEBUG]       org.springframework:spring-context-support:jar:5.3.31:compile (version managed from 5.3.31)
[DEBUG]       org.springframework:spring-tx:jar:5.3.31:compile (version managed from 5.3.31)
[DEBUG]       org.quartz-scheduler:quartz:jar:2.3.2:compile (version managed from 2.3.2) (exclusions managed from [])
[DEBUG]          com.mchange:mchange-commons-java:jar:0.2.15:compile
[DEBUG]    io.jsonwebtoken:jjwt-api:jar:0.11.5:compile
[DEBUG]    io.jsonwebtoken:jjwt-impl:jar:0.11.5:runtime
[DEBUG]    io.jsonwebtoken:jjwt-jackson:jar:0.11.5:runtime
[DEBUG]       com.fasterxml.jackson.core:jackson-databind:jar:2.13.5:compile (version managed from 2.12.6.1)
[DEBUG]          com.fasterxml.jackson.core:jackson-annotations:jar:2.13.5:compile (version managed from 2.13.5)
[DEBUG]          com.fasterxml.jackson.core:jackson-core:jar:2.13.5:compile (version managed from 2.13.5)
[DEBUG]    com.alibaba:easyexcel:jar:3.3.3:compile
[DEBUG]       com.alibaba:easyexcel-core:jar:3.3.3:compile
[DEBUG]          com.alibaba:easyexcel-support:jar:3.3.3:compile
[DEBUG]          org.apache.poi:poi:jar:4.1.2:compile
[DEBUG]             commons-codec:commons-codec:jar:1.15:compile (version managed from 1.13)
[DEBUG]             org.apache.commons:commons-collections4:jar:4.4:compile
[DEBUG]             org.apache.commons:commons-math3:jar:3.6.1:compile
[DEBUG]             com.zaxxer:SparseBitSet:jar:1.2:compile
[DEBUG]          org.apache.poi:poi-ooxml:jar:4.1.2:compile
[DEBUG]             org.apache.commons:commons-compress:jar:1.19:compile
[DEBUG]             com.github.virtuald:curvesapi:jar:1.06:compile
[DEBUG]          org.apache.poi:poi-ooxml-schemas:jar:4.1.2:compile
[DEBUG]             org.apache.xmlbeans:xmlbeans:jar:3.1.0:compile
[DEBUG]          org.apache.commons:commons-csv:jar:1.8:compile
[DEBUG]          org.ehcache:ehcache:jar:3.10.8:compile (version managed from 3.9.9)
[DEBUG]             javax.cache:cache-api:jar:1.1.1:compile (version managed from 1.1.0)
[DEBUG]             org.glassfish.jaxb:jaxb-runtime:jar:2.3.9:runtime (version managed from [2.2,3))
[DEBUG]                org.glassfish.jaxb:txw2:jar:2.3.9:runtime (version managed from 2.3.9)
[DEBUG]                com.sun.istack:istack-commons-runtime:jar:3.0.12:runtime
[DEBUG]                com.sun.activation:jakarta.activation:jar:1.2.2:runtime (version managed from 1.2.2)
[DEBUG]          commons-io:commons-io:jar:2.11.0:compile
[DEBUG]       org.slf4j:slf4j-api:jar:1.7.36:compile (version managed from 1.7.32)
[DEBUG]    com.itextpdf:itextpdf:jar:5.5.13.4:compile
[DEBUG]    com.itextpdf:itext-asian:jar:5.2.0:compile
[DEBUG]    org.projectlombok:lombok:jar:1.18.30:compile (optional)
[DEBUG]    org.springframework.boot:spring-boot-starter-test:jar:2.7.18:test
[DEBUG]       org.springframework.boot:spring-boot-test:jar:2.7.18:test (version managed from 2.7.18)
[DEBUG]       org.springframework.boot:spring-boot-test-autoconfigure:jar:2.7.18:test (version managed from 2.7.18)
[DEBUG]       com.jayway.jsonpath:json-path:jar:2.7.0:test (version managed from 2.7.0)
[DEBUG]          net.minidev:json-smart:jar:2.4.11:test (version managed from 2.4.7)
[DEBUG]             net.minidev:accessors-smart:jar:2.4.11:test
[DEBUG]                org.ow2.asm:asm:jar:9.3:test
[DEBUG]       jakarta.xml.bind:jakarta.xml.bind-api:jar:2.3.3:runtime (version managed from 2.3.3)
[DEBUG]          jakarta.activation:jakarta.activation-api:jar:1.2.2:runtime (version managed from 1.2.2)
[DEBUG]       org.assertj:assertj-core:jar:3.22.0:test (version managed from 3.22.0)
[DEBUG]       org.hamcrest:hamcrest:jar:2.2:test (version managed from 2.2)
[DEBUG]       org.junit.jupiter:junit-jupiter:jar:5.8.2:test (version managed from 5.8.2)
[DEBUG]          org.junit.jupiter:junit-jupiter-api:jar:5.8.2:test (version managed from 5.8.2)
[DEBUG]             org.opentest4j:opentest4j:jar:1.2.0:test
[DEBUG]             org.junit.platform:junit-platform-commons:jar:1.8.2:test (version managed from 1.8.2)
[DEBUG]             org.apiguardian:apiguardian-api:jar:1.1.2:test
[DEBUG]          org.junit.jupiter:junit-jupiter-params:jar:5.8.2:test (version managed from 5.8.2)
[DEBUG]          org.junit.jupiter:junit-jupiter-engine:jar:5.8.2:test (version managed from 5.8.2)
[DEBUG]             org.junit.platform:junit-platform-engine:jar:1.8.2:test (version managed from 1.8.2)
[DEBUG]       org.mockito:mockito-core:jar:4.5.1:test (version managed from 4.5.1)
[DEBUG]          net.bytebuddy:byte-buddy:jar:1.12.23:test (version managed from 1.12.9)
[DEBUG]          net.bytebuddy:byte-buddy-agent:jar:1.12.23:test (version managed from 1.12.9)
[DEBUG]          org.objenesis:objenesis:jar:3.2:test
[DEBUG]       org.mockito:mockito-junit-jupiter:jar:4.5.1:test (version managed from 4.5.1)
[DEBUG]       org.skyscreamer:jsonassert:jar:1.5.1:test (version managed from 1.5.1)
[DEBUG]          com.vaadin.external.google:android-json:jar:0.0.20131108.vaadin1:test
[DEBUG]       org.springframework:spring-core:jar:5.3.31:compile (version managed from 5.3.31)
[DEBUG]          org.springframework:spring-jcl:jar:5.3.31:compile (version managed from 5.3.31)
[DEBUG]       org.springframework:spring-test:jar:5.3.31:test (version managed from 5.3.31)
[DEBUG]       org.xmlunit:xmlunit-core:jar:2.9.1:test (version managed from 2.9.1)
[INFO] 
[INFO] --- resources:3.2.0:resources (default-resources) @ student_health ---
[DEBUG] Dependency collection stats {ConflictMarker.analyzeTime=164600, ConflictMarker.markTime=40300, ConflictMarker.nodeCount=86, ConflictIdSorter.graphTime=102100, ConflictIdSorter.topsortTime=35800, ConflictIdSorter.conflictIdCount=35, ConflictIdSorter.conflictIdCycleCount=0, ConflictResolver.totalTime=761300, ConflictResolver.conflictItemCount=85, DfDependencyCollector.collectTime=208902400, DfDependencyCollector.transformTime=1130000}
[DEBUG] org.apache.maven.plugins:maven-resources-plugin:jar:3.2.0
[DEBUG]    org.apache.maven:maven-plugin-api:jar:3.1.0:compile
[DEBUG]       org.apache.maven:maven-artifact:jar:3.1.0:compile
[DEBUG]    org.apache.maven:maven-core:jar:3.1.0:compile
[DEBUG]       org.apache.maven:maven-settings:jar:3.1.0:compile
[DEBUG]       org.apache.maven:maven-settings-builder:jar:3.1.0:compile
[DEBUG]       org.apache.maven:maven-repository-metadata:jar:3.1.0:compile
[DEBUG]       org.apache.maven:maven-model-builder:jar:3.1.0:compile
[DEBUG]       org.apache.maven:maven-aether-provider:jar:3.1.0:compile
[DEBUG]          org.eclipse.aether:aether-spi:jar:0.9.0.M2:compile
[DEBUG]       org.eclipse.aether:aether-impl:jar:0.9.0.M2:compile
[DEBUG]       org.eclipse.aether:aether-api:jar:0.9.0.M2:compile
[DEBUG]       org.eclipse.aether:aether-util:jar:0.9.0.M2:compile
[DEBUG]       org.codehaus.plexus:plexus-utils:jar:3.0.10:compile
[DEBUG]       org.codehaus.plexus:plexus-classworlds:jar:2.4.2:compile
[DEBUG]       org.sonatype.plexus:plexus-sec-dispatcher:jar:1.3:compile
[DEBUG]          org.sonatype.plexus:plexus-cipher:jar:1.4:compile
[DEBUG]    org.apache.maven:maven-model:jar:3.1.0:compile
[DEBUG]    org.codehaus.plexus:plexus-component-annotations:jar:2.0.0:compile
[DEBUG]    org.codehaus.plexus:plexus-interpolation:jar:1.26:runtime
[DEBUG]    org.eclipse.sisu:org.eclipse.sisu.plexus:jar:0.0.0.M2a:compile
[DEBUG]       javax.enterprise:cdi-api:jar:1.0:compile
[DEBUG]          javax.annotation:jsr250-api:jar:1.0:compile
[DEBUG]          javax.inject:javax.inject:jar:1:compile
[DEBUG]       com.google.guava:guava:jar:10.0.1:compile
[DEBUG]          com.google.code.findbugs:jsr305:jar:1.3.9:compile
[DEBUG]       org.sonatype.sisu:sisu-guice:jar:no_aop:3.1.0:compile
[DEBUG]          aopalliance:aopalliance:jar:1.0:compile
[DEBUG]       org.eclipse.sisu:org.eclipse.sisu.inject:jar:0.0.0.M2a:compile
[DEBUG]          asm:asm:jar:3.3.1:compile
[DEBUG]    org.apache.maven.shared:maven-filtering:jar:3.2.0:compile
[DEBUG]       org.apache.maven.shared:maven-shared-utils:jar:3.3.3:compile
[DEBUG]       org.sonatype.plexus:plexus-build-api:jar:0.0.7:compile
[DEBUG]    commons-io:commons-io:jar:2.6:compile
[DEBUG]    org.apache.commons:commons-lang3:jar:3.8.1:compile
[DEBUG] Created new class realm plugin>org.apache.maven.plugins:maven-resources-plugin:3.2.0
[DEBUG] Importing foreign packages into class realm plugin>org.apache.maven.plugins:maven-resources-plugin:3.2.0
[DEBUG]   Imported:  < maven.api
[DEBUG] Populating class realm plugin>org.apache.maven.plugins:maven-resources-plugin:3.2.0
[DEBUG]   Included: org.apache.maven.plugins:maven-resources-plugin:jar:3.2.0
[DEBUG]   Included: org.codehaus.plexus:plexus-utils:jar:3.0.10
[DEBUG]   Included: org.sonatype.plexus:plexus-sec-dispatcher:jar:1.3
[DEBUG]   Included: org.sonatype.plexus:plexus-cipher:jar:1.4
[DEBUG]   Included: org.codehaus.plexus:plexus-component-annotations:jar:2.0.0
[DEBUG]   Included: org.codehaus.plexus:plexus-interpolation:jar:1.26
[DEBUG]   Included: javax.enterprise:cdi-api:jar:1.0
[DEBUG]   Included: javax.annotation:jsr250-api:jar:1.0
[DEBUG]   Included: com.google.guava:guava:jar:10.0.1
[DEBUG]   Included: com.google.code.findbugs:jsr305:jar:1.3.9
[DEBUG]   Included: org.sonatype.sisu:sisu-guice:jar:no_aop:3.1.0
[DEBUG]   Included: aopalliance:aopalliance:jar:1.0
[DEBUG]   Included: org.eclipse.sisu:org.eclipse.sisu.inject:jar:0.0.0.M2a
[DEBUG]   Included: asm:asm:jar:3.3.1
[DEBUG]   Included: org.apache.maven.shared:maven-filtering:jar:3.2.0
[DEBUG]   Included: org.apache.maven.shared:maven-shared-utils:jar:3.3.3
[DEBUG]   Included: org.sonatype.plexus:plexus-build-api:jar:0.0.7
[DEBUG]   Included: commons-io:commons-io:jar:2.6
[DEBUG]   Included: org.apache.commons:commons-lang3:jar:3.8.1
[DEBUG] Loading mojo org.apache.maven.plugins:maven-resources-plugin:3.2.0:resources from plugin realm ClassRealm[plugin>org.apache.maven.plugins:maven-resources-plugin:3.2.0, parent: sun.misc.Launcher$AppClassLoader@70dea4e]
[DEBUG] Configuring mojo execution 'org.apache.maven.plugins:maven-resources-plugin:3.2.0:resources:default-resources' with basic configurator -->
[DEBUG]   (f) addDefaultExcludes = true
[DEBUG]   (f) buildFilters = []
[DEBUG]   (s) delimiters = [@]
[DEBUG]   (f) encoding = UTF-8
[DEBUG]   (f) escapeWindowsPaths = true
[DEBUG]   (f) fileNameFiltering = false
[DEBUG]   (s) includeEmptyDirs = false
[DEBUG]   (s) outputDirectory = D:\毕设\health\student_health\target\classes
[DEBUG]   (s) overwrite = false
[DEBUG]   (f) project = MavenProject: org.example:student_health:1.0.0 @ D:\毕设\health\student_health\pom.xml
[DEBUG]   (f) propertiesEncoding = UTF-8
[DEBUG]   (s) resources = [Resource {targetPath: null, filtering: true, FileSet {directory: D:\毕设\health\student_health\src\main\resources, PatternSet [includes: {**/application*.yml, **/application*.yaml, **/application*.properties}, excludes: {}]}}, Resource {targetPath: null, filtering: false, FileSet {directory: D:\毕设\health\student_health\src\main\resources, PatternSet [includes: {}, excludes: {**/application*.yml, **/application*.yaml, **/application*.properties}]}}]
[DEBUG]   (f) session = org.apache.maven.execution.MavenSession@5b498842
[DEBUG]   (f) skip = false
[DEBUG]   (f) supportMultiLineFiltering = false
[DEBUG]   (f) useBuildFilters = true
[DEBUG]   (s) useDefaultDelimiters = false
[DEBUG] -- end configuration --
[DEBUG] properties used {project.baseUri=file:/D:/毕设/health/student_health/, env.JVMCONFIG=\.mvn\jvm.config, saaj-impl.version=1.5.3, prometheus-client.version=0.15.0, env.PROCESSOR_IDENTIFIER=AMD64 Family 25 Model 68 Stepping 1, AuthenticAMD, jaxen.version=1.2.0, env.COMMONPROGRAMFILES=C:\Program Files\Common Files, byte-buddy.version=1.12.23, janino.version=3.1.10, htmlunit.version=2.60.0, rsocket.version=1.1.3, maven-source-plugin.version=3.2.1, user.dir=D:\毕设\health\student_health, java.vm.version=25.472-b08, env.USERPROFILE=C:\Users\da'mo, env.JAVACMD=C:\Users\da'mo\.jdks\corretto-1.8.0_472-1\bin\java.exe, db2-jdbc.version=11.5.9.0, selenium.version=4.1.4, versions-maven-plugin.version=2.10.0, env.GIT_ASKPASS=d:\Antigravity\resources\app\extensions\git\dist\askpass.sh, thymeleaf-extras-java8time.version=3.0.4.RELEASE, env.CLASSWORLDS_JAR="D:\apache-maven-3.9.11-bin\apache-maven-3.9.11\boot\plexus-classworlds-2.9.0.jar", sun.os.patch.level=, snakeyaml.version=1.30, javax-validation.version=2.0.1.Final, jetty.version=9.4.53.v20231009, java.vm.specification.name=Java Virtual Machine Specification, httpclient.version=4.5.14, solr.version=8.11.2, tomcat.version=9.0.83, spring-kafka.version=2.8.11, jakarta-xml-bind.version=2.3.3, jakarta-transaction.version=1.3.3, cache2k.version=2.6.1.Final, env.WDIR=D:\毕设\health\student_health, influxdb-java.version=2.22, netty.version=4.1.101.Final, jdom2.version=2.0.6.1, os.name=Windows 11, env.VSCODE_GIT_ASKPASS_MAIN=d:\Antigravity\resources\app\extensions\git\dist\askpass-main.js, java.specification.maintenance.version=6, env.LOCALAPPDATA=C:\Users\da'mo\AppData\Local, env.TMP=C:\Users\da'mo\AppData\Local\Temp, env.DEEP_SEEK_API_KEY=sk-a966b9b427df4577a7df68e8c63bb201, rxjava2.version=2.2.21, env.USERDOMAIN_ROAMINGPROFILE=DESKTOP-1QBO169, maven.version=3.9.11, maven-install-plugin.version=2.5.2, log4j2.version=2.17.2, java.vendor.url.bug=https://github.com/corretto/corretto-8/issues/, env.ERROR_CODE=0, os.arch=amd64, user.name=da'mo, servlet-api.version=4.0.1, activemq.version=5.16.7, aspectj.version=1.9.7, sun.java.command=org.codehaus.plexus.classworlds.launcher.Launcher compile -X, env.VSCODE_JAVA_EXEC=C:\Users\da'mo\.jdks\corretto-1.8.0_472-1\bin\java, ehcache.version=2.10.9.2, project.reporting.outputEncoding=UTF-8, undertow.version=2.2.28.Final, r2dbc-bom.version=Borca-SR2, jackson-bom.version=2.13.5, javax-jaxws.version=2.3.1, oracle-database.version=21.5.0.0, querydsl.version=5.0.0, mssql-jdbc.version=10.2.3.jre8, env.OS=Windows_NT, user.country=CN, env.FPS_BROWSER_USER_PROFILE_STRING=Default, env.PROCESSOR_ARCHITECTURE=AMD64, slf4j.version=1.7.36, env.VSCODE_PYTHON_AUTOACTIVATE_GUARD=1, java.endorsed.dirs=C:\Users\da'mo\.jdks\corretto-1.8.0_472-1\jre\lib\endorsed, env.VSCODE_JDWP_ADAPTER_ENDPOINTS=c:\Users\da'mo\.antigravity\extensions\vscjava.vscode-java-debug-0.58.5-universal\.noConfigDebugAdapterEndpoints\endpoint-4e7741286a95b430.txt, env.TEMP=C:\Users\da'mo\AppData\Local\Temp, jakarta-json-bind.version=1.0.2, maven-dependency-plugin.version=3.3.0, kotlin.version=1.6.21, ehcache3.version=3.10.8, junit.version=4.13.2, java.vm.specification.version=1.8, env.VSCODE_GIT_IPC_HANDLE=\\.\pipe\vscode-git-0dd526c3b3-sock, kafka.version=3.1.2, env.PROMPT=$P$G, java.vendor=Amazon.com Inc., spring-session-bom.version=2021.2.3, hamcrest.version=2.2, spring-restdocs.version=2.0.8.RELEASE, file.separator=\, flyway.version=8.5.13, antlr2.version=2.7.7, user.variant=, unboundid-ldapsdk.version=6.0.10, jakarta-xml-soap.version=1.4.2, atomikos.version=4.0.6, glassfish-jaxb.version=2.3.9, env.KMP_BLOCKTIME=0, jolokia.version=1.7.2, env.WINDIR=C:\Windows, sun.java.launcher=SUN_STANDARD, env.PAGER=cat, mockito.version=4.5.1, spring-ldap.version=2.4.1, maven-antrun-plugin.version=3.0.0, env.CHROME_CRASHPAD_PIPE_NAME=\\.\pipe\crashpad_21824_ZNLJAORWJNCLFBHX, commons-pool2.version=2.11.1, java.library.path=C:\Users\da'mo\.jdks\corretto-1.8.0_472-1\bin;C:\Windows\Sun\Java\bin;C:\Windows\system32;C:\Windows;C:\Users\da'mo\.jdks\corretto-1.8.0_472-1\bin;C:\Program Files\Common Files\Oracle\Java\javapath;C:\Windows\system32;C:\Windows;C:\Windows\System32\Wbem;C:\Windows\System32\WindowsPowerShell\v1.0\;C:\Windows\System32\OpenSSH\;C:\Program Files (x86)\NVIDIA Corporation\PhysX\Common;C:\Program Files\NVIDIA Corporation\NVIDIA NvDLISR;D:\code\mongodb-windows-x86_64-8.0.9\mongodb-win32-x86_64-windows-8.0.9\bin;C:\Program Files (x86)\Microsoft SQL Server\160\Tools\Binn\;C:\Program Files\Microsoft SQL Server\160\Tools\Binn\;C:\Program Files\Microsoft SQL Server\Client SDK\ODBC\170\Tools\Binn\;C:\Program Files\Microsoft SQL Server\160\DTS\Binn\;D:\apache-maven-3.9.11-bin\apache-maven-3.9.11\bin;D:\coding\nvm;C:\nvm4w\nodejs;E:\微信web开发者工具\dll;D:\red;s\;D:\cursor\resources\app\bin;C:\Users\da'mo\.jdks\corretto-1.8.0_472-1\jre\bin;D:\Git\cmd;C:\Users\da'mo\AppData\Local\Programs\Python\Python314\Scripts\;C:\Users\da'mo\AppData\Local\Programs\Python\Python314\;C:\Users\da'mo\AppData\Local\Programs\Python\Launcher\;C:\Users\da'mo\scoop\shims;D:\coding\nvm;C:\nvm4w\nodejs;D:\coding\Microsoft VS Code\bin;D:\IntelliJ IDEA 2025.3\bin;D:\Antigravity\bin;c:\Users\da'mo\.antigravity\extensions\vscjava.vscode-java-debug-0.58.5-universal\bundled\scripts\noConfigScripts;., glassfish-el.version=3.0.4, classworlds.conf=D:\apache-maven-3.9.11-bin\apache-maven-3.9.11\bin\m2.conf, jmustache.version=1.15, quartz.version=2.3.2, project.build.sourceEncoding=UTF-8, env.ORIGINAL_XDG_CURRENT_DESKTOP=undefined, sun.arch.data.model=64, micrometer.version=1.9.17, junit-jupiter.version=5.8.2, env.PATH=C:\Users\da'mo\.jdks\corretto-1.8.0_472-1\bin;C:\Program Files\Common Files\Oracle\Java\javapath;C:\Windows\system32;C:\Windows;C:\Windows\System32\Wbem;C:\Windows\System32\WindowsPowerShell\v1.0\;C:\Windows\System32\OpenSSH\;C:\Program Files (x86)\NVIDIA Corporation\PhysX\Common;C:\Program Files\NVIDIA Corporation\NVIDIA NvDLISR;D:\code\mongodb-windows-x86_64-8.0.9\mongodb-win32-x86_64-windows-8.0.9\bin;C:\Program Files (x86)\Microsoft SQL Server\160\Tools\Binn\;C:\Program Files\Microsoft SQL Server\160\Tools\Binn\;C:\Program Files\Microsoft SQL Server\Client SDK\ODBC\170\Tools\Binn\;C:\Program Files\Microsoft SQL Server\160\DTS\Binn\;D:\apache-maven-3.9.11-bin\apache-maven-3.9.11\bin;D:\coding\nvm;C:\nvm4w\nodejs;E:\微信web开发者工具\dll;D:\red;s\;D:\cursor\resources\app\bin;C:\Users\da'mo\.jdks\corretto-1.8.0_472-1\jre\bin;D:\Git\cmd;C:\Users\da'mo\AppData\Local\Programs\Python\Python314\Scripts\;C:\Users\da'mo\AppData\Local\Programs\Python\Python314\;C:\Users\da'mo\AppData\Local\Programs\Python\Launcher\;C:\Users\da'mo\scoop\shims;D:\coding\nvm;C:\nvm4w\nodejs;D:\coding\Microsoft VS Code\bin;D:\IntelliJ IDEA 2025.3\bin;D:\Antigravity\bin;c:\Users\da'mo\.antigravity\extensions\vscjava.vscode-java-debug-0.58.5-universal\bundled\scripts\noConfigScripts, path.separator=;, git-commit-id-plugin.version=4.9.10, env.USERDOMAIN=DESKTOP-1QBO169, env.TERM_PROGRAM=vscode, env.VSCODE_INJECTION=1, sun.io.unicode.encoding=UnicodeLittle, env.=D:=D:\毕设\health\student_health, maven-invoker-plugin.version=3.2.2, httpcore.version=4.4.16, env.PROGRAMW6432=C:\Program Files, xml-maven-plugin.version=1.0.2, user.language=zh, env.VSCODE_GIT_ASKPASS_EXTRA_ARGS=, jaybird.version=4.0.9.java8, johnzon.version=1.2.21, jakarta-persistence.version=2.2.3, appengine-sdk.version=1.9.98, maven.compiler.source=8, java.class.version=52.0, lettuce.version=6.1.10.RELEASE, couchbase-client.version=3.3.4, jakarta-ws-rs.version=2.1.6, jboss-logging.version=3.4.3.Final, maven-javadoc-plugin.version=3.4.1, jakarta-servlet.version=4.0.4, mariadb.version=3.1.4, jooq.version=3.14.16, file.encoding.pkg=sun.io, sun.cpu.endian=little, env.=EXITCODE=00000001, env.COMPUTERNAME=DESKTOP-1QBO169, maven.compiler.target=8, cassandra-driver.version=4.14.1, env.LOGONSERVER=\\DESKTOP-1QBO169, jakarta-annotation.version=1.3.5, groovy.version=3.0.19, java.home=C:\Users\da'mo\.jdks\corretto-1.8.0_472-1\jre, jetty-el.version=9.0.52, spring-batch.version=4.3.10, javax-activation.version=1.2.0, maven.home=D:\apache-maven-3.9.11-bin\apache-maven-3.9.11, rxjava-adapter.version=1.2.1, jakarta-jms.version=2.0.3, commons-lang3.version=3.12.0, maven-shade-plugin.version=3.3.0, maven-enforcer-plugin.version=3.0.0, commons-pool.version=1.6, env.NUMBER_OF_PROCESSORS=16, maven-war-plugin.version=3.3.2, httpasyncclient.version=4.1.5, pooled-jms.version=1.2.6, javax-persistence.version=2.2, rxjava.version=1.3.8, env.INTELLIJ IDEA=D:\IntelliJ IDEA 2025.3\bin, thymeleaf-extras-springsecurity.version=3.0.5.RELEASE, commons-dbcp2.version=2.9.0, maven-failsafe-plugin.version=2.22.2, xmlunit2.version=2.9.1, liquibase.version=4.9.1, sun.management.compiler=HotSpot 64-Bit Tiered Compilers, wsdl4j.version=1.6.3, jakarta-websocket.version=1.1.2, env.NVM_HOME=D:\coding\nvm, library.jansi.path=D:\apache-maven-3.9.11-bin\apache-maven-3.9.11\lib\jansi-native, json-path.version=2.7.0, jsonassert.version=1.5.1, hazelcast.version=5.1.7, env.PUBLIC=C:\Users\Public, javax-transaction.version=1.3, h2.version=2.1.214, kotlin-coroutines.version=1.6.4, spring-retry.version=1.3.4, maven-clean-plugin.version=3.2.0, java.vm.specification.vendor=Oracle Corporation, dropwizard-metrics.version=4.2.22, java.vm.name=OpenJDK 64-Bit Server VM, jakarta-mail.version=1.6.7, java.io.tmpdir=C:\Users\da'mo\AppData\Local\Temp\, java.vendor.url=https://aws.amazon.com/corretto/, lombok.version=1.18.30, javax-jsonb.version=1.0, jakarta-servlet-jsp-jstl.version=1.2.7, sun.boot.library.path=C:\Users\da'mo\.jdks\corretto-1.8.0_472-1\jre\bin, jetty-reactive-httpclient.version=1.1.15, env.NVM_SYMLINK=C:\nvm4w\nodejs, derby.version=10.14.2.0, env.MAVEN_HOME=D:\apache-maven-3.9.11-bin\apache-maven-3.9.11, gson.version=2.9.1, env.SESSIONNAME=Console, javax-jms.version=2.0.1, httpclient5.version=5.1.4, spring-security.version=5.7.11, httpcore5.version=5.1.5, java.runtime.name=OpenJDK Runtime Environment, javax-websocket.version=1.1, maven-resources-plugin.version=3.2.0, okhttp.version=4.9.3, maven.conf=D:\apache-maven-3.9.11-bin\apache-maven-3.9.11/conf, assertj.version=3.22.0, jakarta-json.version=1.1.6, sun.cpu.isalist=amd64, spring-amqp.version=2.4.17, hibernate-validator.version=6.2.5.Final, maven.multiModuleProjectDirectory=D:\毕设\health\student_health, env.ALLUSERSPROFILE=C:\ProgramData, commons-codec.version=1.15, user.home=C:\Users\da'mo, env.JAVA_HOME=C:\Users\da'mo\.jdks\corretto-1.8.0_472-1, mongodb.version=4.6.1, env.PROCESSOR_REVISION=4401, java.specification.name=Java Platform API Specification, env.COMMONPROGRAMW6432=C:\Program Files\Common Files, logback.version=1.2.12, env.ONEDRIVE=C:\Users\da'mo\OneDrive, env.PROGRAMDATA=C:\ProgramData, env.CLASSPATH=.;C:\Users\da'mo\.jdks\corretto-1.8.0_472-1\lib\dt.jar;C:\Users\da'mo\.jdks\corretto-1.8.0_472-1\lib\tools.jar, java.specification.vendor=Oracle Corporation, maven-help-plugin.version=3.2.0, env.EFC_7516=1, rabbit-amqp-client.version=5.14.3, java.version=1.8.0_472, neo4j-java-driver.version=4.4.12, thymeleaf.version=3.0.15.RELEASE, env.PROGRAMFILES=C:\Program Files, embedded-mongo.version=3.4.11, json-smart.version=2.4.11, postgresql.version=42.3.8, hsqldb.version=2.5.2, spring-data-bom.version=2021.2.18, env.EXEC_DIR=D:\毕设\health\student_health, hazelcast-hibernate5.version=2.2.1, javax-mail.version=1.6.2, env.PROCESSOR_LEVEL=25, env.M2_HOME=D:\apache-maven-3.9.11-bin\apache-maven-3.9.11, env.COMMONPROGRAMFILES(X86)=C:\Program Files (x86)\Common Files, env.MAVEN_PROJECTBASEDIR=D:\毕设\health\student_health, maven.build.timestamp=2026-01-09T02:56:33Z, jersey.version=2.35, jakarta-validation.version=2.0.2, line.separator=
, java.specification.version=1.8, java.vm.info=mixed mode, env.TERM_PROGRAM_VERSION=1.104.0, env.HOMEDRIVE=C:, javax-annotation.version=1.3.2, env.ANTIGRAVITY_AGENT=1, sun.boot.class.path=C:\Users\da'mo\.jdks\corretto-1.8.0_472-1\jre\lib\resources.jar;C:\Users\da'mo\.jdks\corretto-1.8.0_472-1\jre\lib\rt.jar;C:\Users\da'mo\.jdks\corretto-1.8.0_472-1\jre\lib\sunrsasign.jar;C:\Users\da'mo\.jdks\corretto-1.8.0_472-1\jre\lib\jsse.jar;C:\Users\da'mo\.jdks\corretto-1.8.0_472-1\jre\lib\jce.jar;C:\Users\da'mo\.jdks\corretto-1.8.0_472-1\jre\lib\charsets.jar;C:\Users\da'mo\.jdks\corretto-1.8.0_472-1\jre\lib\jfr.jar;C:\Users\da'mo\.jdks\corretto-1.8.0_472-1\jre\classes, build-helper-maven-plugin.version=3.3.0, javax-json.version=1.1.4, maven-deploy-plugin.version=2.8.2, jetty-jsp.version=2.2.0.v201112011158, env.APPDATA=C:\Users\da'mo\AppData\Roaming, env.ONEDRIVECONSUMER=C:\Users\da'mo\OneDrive, env.DRIVERDATA=C:\Windows\System32\Drivers\DriverData, infinispan.version=13.0.20.Final, jakarta-management.version=1.1.4, env.PATHEXT=.COM;.EXE;.BAT;.CMD;.VBS;.VBE;.JS;.JSE;.WSF;.WSH;.MSC;.CPL, nekohtml.version=1.9.22, jakarta-activation.version=1.2.2, graphql-java.version=18.5, env.COMSPEC=C:\Windows\system32\cmd.exe, java.awt.printerjob=sun.awt.windows.WPrinterJob, jstl.version=1.2, sun.jnu.encoding=GBK, hibernate.version=5.6.15.Final, javax-money.version=1.1, env.CATALINA_HOME=D:\Gemini Chrome下载\apache-tomcat-9.0.111-windows-x64 (1)\apache-tomcat-9.0.111, java.runtime.version=1.8.0_472-b08, env.KE_HOME=D:\EFAK-5.0.0.tar.gz\EFAK-5.0.0\efak-web, sendgrid.version=4.9.3, reactive-streams.version=1.0.4, env.COLORTERM=truecolor, maven.build.version=Apache Maven 3.9.11 (3e54c93a704957b63ee3494413a2b544fd3d825b), user.timezone=, spring-graphql.version=1.0.6, reactor-bom.version=2020.0.38, resource.delimiter=@, env.PSMODULEPATH=C:\Users\da'mo\Documents\WindowsPowerShell\Modules;C:\Program Files\WindowsPowerShell\Modules;C:\Windows\system32\WindowsPowerShell\v1.0\Modules;C:\Program Files (x86)\Microsoft SQL Server\160\Tools\PowerShell\Modules\, glassfish-jstl.version=1.2.6, mysql.version=8.0.33, hikaricp.version=4.0.3, env.OMP_WAIT_POLICY=PASSIVE, rabbit-stream-client.version=0.5.0, spring-hateoas.version=1.5.6, env.MAVEN_CMD_LINE_ARGS=compile -X, java.ext.dirs=C:\Users\da'mo\.jdks\corretto-1.8.0_472-1\jre\lib\ext;C:\Windows\Sun\Java\lib\ext, env.PYTHON=C:\Program Files\WindowsApps\PythonSoftwareFoundation.Python.3.11_3.11.2544.0_x64__qbz5n2kfra8p0\python3.11.exe, caffeine.version=2.9.3, javax-jaxb.version=2.3.1, awaitility.version=4.2.0, spring-integration.version=5.5.20, java.class.path=D:\apache-maven-3.9.11-bin\apache-maven-3.9.11\boot\plexus-classworlds-2.9.0.jar, maven-jar-plugin.version=3.2.2, env.USERNAME=da'mo, rest-assured.version=4.5.1, os.version=10.0, thymeleaf-layout-dialect.version=3.0.0, env.HOMEPATH=\Users\da'mo, sqlite-jdbc.version=3.36.0.3, sun.desktop=windows, classmate.version=1.5.1, javax-cache.version=1.1.1, env.ANTIGRAVITY_CLI_ALIAS=agy, env.LANG=zh_CN.UTF-8, jedis.version=3.8.0, java.awt.graphicsenv=sun.awt.Win32GraphicsEnvironment, maven-compiler-plugin.version=3.10.1, java.vm.vendor=Amazon.com Inc., maven-assembly-plugin.version=3.3.0, spring-framework.version=5.3.31, freemarker.version=2.3.32, elasticsearch.version=7.17.15, thymeleaf-extras-data-attribute.version=2.0.1, env.VSCODE_GIT_ASKPASS_NODE=D:\Antigravity\Antigravity.exe, jakarta-xml-ws.version=2.3.3, env.SYSTEMDRIVE=C:, dependency-management-plugin.version=1.0.15.RELEASE, env.CLASSWORLDS_LAUNCHER=org.codehaus.plexus.classworlds.launcher.Launcher, user.script=, selenium-htmlunit.version=3.61.0, webjars-locator-core.version=0.50, sun-mail.version=1.6.7, artemis.version=2.19.1, maven-surefire-plugin.version=2.22.2, jtds.version=1.3.1, env.PROGRAMFILES(X86)=C:\Program Files (x86), env.SYSTEMROOT=C:\Windows, spring-ws.version=3.1.8, file.encoding=GBK, env.FPS_BROWSER_APP_PROFILE_STRING=Internet Explorer, awt.toolkit=sun.awt.windows.WToolkit}
[INFO] Using 'UTF-8' encoding to copy filtered resources.
[INFO] Using 'UTF-8' encoding to copy filtered properties files.
[DEBUG] resource with targetPath null
directory D:\毕设\health\student_health\src\main\resources
excludes []
includes [**/application*.yml, **/application*.yaml, **/application*.properties]
[DEBUG] ignoreDelta true
[INFO] Copying 1 resource
[DEBUG] Copying file application.yml
[DEBUG] file application.yml has a filtered file extension
[DEBUG] Using 'UTF-8' encoding to copy filtered resource 'application.yml'.
[DEBUG] filtering D:\毕设\health\student_health\src\main\resources\application.yml to D:\毕设\health\student_health\target\classes\application.yml
[DEBUG] resource with targetPath null
directory D:\毕设\health\student_health\src\main\resources
excludes [**/application*.yml, **/application*.yaml, **/application*.properties]
includes []
[DEBUG] ignoreDelta true
[INFO] Copying 19 resources
[DEBUG] Copying file mapper\ExamBatchMapper.xml
[DEBUG] file ExamBatchMapper.xml has a filtered file extension
[DEBUG] Using 'UTF-8' encoding to copy filtered resource 'ExamBatchMapper.xml'.
[DEBUG] copy D:\毕设\health\student_health\src\main\resources\mapper\ExamBatchMapper.xml to D:\毕设\health\student_health\target\classes\mapper\ExamBatchMapper.xml
[DEBUG] Copying file mapper\ExamMetricMapper.xml
[DEBUG] file ExamMetricMapper.xml has a filtered file extension
[DEBUG] Using 'UTF-8' encoding to copy filtered resource 'ExamMetricMapper.xml'.
[DEBUG] copy D:\毕设\health\student_health\src\main\resources\mapper\ExamMetricMapper.xml to D:\毕设\health\student_health\target\classes\mapper\ExamMetricMapper.xml
[DEBUG] Copying file mapper\ExamRecordMapper.xml
[DEBUG] file ExamRecordMapper.xml has a filtered file extension
[DEBUG] Using 'UTF-8' encoding to copy filtered resource 'ExamRecordMapper.xml'.
[DEBUG] copy D:\毕设\health\student_health\src\main\resources\mapper\ExamRecordMapper.xml to D:\毕设\health\student_health\target\classes\mapper\ExamRecordMapper.xml
[DEBUG] Copying file mapper\ReportMapper.xml
[DEBUG] file ReportMapper.xml has a filtered file extension
[DEBUG] Using 'UTF-8' encoding to copy filtered resource 'ReportMapper.xml'.
[DEBUG] copy D:\毕设\health\student_health\src\main\resources\mapper\ReportMapper.xml to D:\毕设\health\student_health\target\classes\mapper\ReportMapper.xml
[DEBUG] Copying file mapper\StudentMapper.xml
[DEBUG] file StudentMapper.xml has a filtered file extension
[DEBUG] Using 'UTF-8' encoding to copy filtered resource 'StudentMapper.xml'.
[DEBUG] copy D:\毕设\health\student_health\src\main\resources\mapper\StudentMapper.xml to D:\毕设\health\student_health\target\classes\mapper\StudentMapper.xml
[DEBUG] Copying file mapper\system\AuditLogMapper.xml
[DEBUG] file AuditLogMapper.xml has a filtered file extension
[DEBUG] Using 'UTF-8' encoding to copy filtered resource 'AuditLogMapper.xml'.
[DEBUG] copy D:\毕设\health\student_health\src\main\resources\mapper\system\AuditLogMapper.xml to D:\毕设\health\student_health\target\classes\mapper\system\AuditLogMapper.xml
[DEBUG] Copying file mapper\system\DictionaryMapper.xml
[DEBUG] file DictionaryMapper.xml has a filtered file extension
[DEBUG] Using 'UTF-8' encoding to copy filtered resource 'DictionaryMapper.xml'.
[DEBUG] copy D:\毕设\health\student_health\src\main\resources\mapper\system\DictionaryMapper.xml to D:\毕设\health\student_health\target\classes\mapper\system\DictionaryMapper.xml
[DEBUG] Copying file mapper\system\SchedulerJobMapper.xml
[DEBUG] file SchedulerJobMapper.xml has a filtered file extension
[DEBUG] Using 'UTF-8' encoding to copy filtered resource 'SchedulerJobMapper.xml'.
[DEBUG] copy D:\毕设\health\student_health\src\main\resources\mapper\system\SchedulerJobMapper.xml to D:\毕设\health\student_health\target\classes\mapper\system\SchedulerJobMapper.xml
[DEBUG] Copying file mapper\UserMapper.xml
[DEBUG] file UserMapper.xml has a filtered file extension
[DEBUG] Using 'UTF-8' encoding to copy filtered resource 'UserMapper.xml'.
[DEBUG] copy D:\毕设\health\student_health\src\main\resources\mapper\UserMapper.xml to D:\毕设\health\student_health\target\classes\mapper\UserMapper.xml
[DEBUG] Copying file sql\audit_log.sql
[DEBUG] file audit_log.sql has a filtered file extension
[DEBUG] Using 'UTF-8' encoding to copy filtered resource 'audit_log.sql'.
[DEBUG] copy D:\毕设\health\student_health\src\main\resources\sql\audit_log.sql to D:\毕设\health\student_health\target\classes\sql\audit_log.sql
[DEBUG] Copying file sql\create_dict_table.sql
[DEBUG] file create_dict_table.sql has a filtered file extension
[DEBUG] Using 'UTF-8' encoding to copy filtered resource 'create_dict_table.sql'.
[DEBUG] copy D:\毕设\health\student_health\src\main\resources\sql\create_dict_table.sql to D:\毕设\health\student_health\target\classes\sql\create_dict_table.sql
[DEBUG] Copying file sql\dict.sql
[DEBUG] file dict.sql has a filtered file extension
[DEBUG] Using 'UTF-8' encoding to copy filtered resource 'dict.sql'.
[DEBUG] copy D:\毕设\health\student_health\src\main\resources\sql\dict.sql to D:\毕设\health\student_health\target\classes\sql\dict.sql
[DEBUG] Copying file sql\fix_admin_permissions.sql
[DEBUG] file fix_admin_permissions.sql has a filtered file extension
[DEBUG] Using 'UTF-8' encoding to copy filtered resource 'fix_admin_permissions.sql'.
[DEBUG] copy D:\毕设\health\student_health\src\main\resources\sql\fix_admin_permissions.sql to D:\毕设\health\student_health\target\classes\sql\fix_admin_permissions.sql
[DEBUG] Copying file sql\fix_user_9_role.sql
[DEBUG] file fix_user_9_role.sql has a filtered file extension
[DEBUG] Using 'UTF-8' encoding to copy filtered resource 'fix_user_9_role.sql'.
[DEBUG] copy D:\毕设\health\student_health\src\main\resources\sql\fix_user_9_role.sql to D:\毕设\health\student_health\target\classes\sql\fix_user_9_role.sql
[DEBUG] Copying file sql\insert_admin.sql
[DEBUG] file insert_admin.sql has a filtered file extension
[DEBUG] Using 'UTF-8' encoding to copy filtered resource 'insert_admin.sql'.
[DEBUG] copy D:\毕设\health\student_health\src\main\resources\sql\insert_admin.sql to D:\毕设\health\student_health\target\classes\sql\insert_admin.sql
[DEBUG] Copying file sql\insert_admin_simple.sql
[DEBUG] file insert_admin_simple.sql has a filtered file extension
[DEBUG] Using 'UTF-8' encoding to copy filtered resource 'insert_admin_simple.sql'.
[DEBUG] copy D:\毕设\health\student_health\src\main\resources\sql\insert_admin_simple.sql to D:\毕设\health\student_health\target\classes\sql\insert_admin_simple.sql
[DEBUG] Copying file sql\scheduler_job.sql
[DEBUG] file scheduler_job.sql has a filtered file extension
[DEBUG] Using 'UTF-8' encoding to copy filtered resource 'scheduler_job.sql'.
[DEBUG] copy D:\毕设\health\student_health\src\main\resources\sql\scheduler_job.sql to D:\毕设\health\student_health\target\classes\sql\scheduler_job.sql
[DEBUG] Copying file sql\setup_all_permissions.sql
[DEBUG] file setup_all_permissions.sql has a filtered file extension
[DEBUG] Using 'UTF-8' encoding to copy filtered resource 'setup_all_permissions.sql'.
[DEBUG] copy D:\毕设\health\student_health\src\main\resources\sql\setup_all_permissions.sql to D:\毕设\health\student_health\target\classes\sql\setup_all_permissions.sql
[DEBUG] Copying file sql\verify_admin.sql
[DEBUG] file verify_admin.sql has a filtered file extension
[DEBUG] Using 'UTF-8' encoding to copy filtered resource 'verify_admin.sql'.
[DEBUG] copy D:\毕设\health\student_health\src\main\resources\sql\verify_admin.sql to D:\毕设\health\student_health\target\classes\sql\verify_admin.sql
[DEBUG] no use filter components
[INFO] 
[INFO] --- compiler:3.10.1:compile (default-compile) @ student_health ---
[DEBUG] Dependency collection stats {ConflictMarker.analyzeTime=62200, ConflictMarker.markTime=18300, ConflictMarker.nodeCount=17, ConflictIdSorter.graphTime=27900, ConflictIdSorter.topsortTime=16500, ConflictIdSorter.conflictIdCount=12, ConflictIdSorter.conflictIdCycleCount=0, ConflictResolver.totalTime=212200, ConflictResolver.conflictItemCount=17, DfDependencyCollector.collectTime=37383100, DfDependencyCollector.transformTime=358200}
[DEBUG] org.apache.maven.plugins:maven-compiler-plugin:jar:3.10.1
[DEBUG]    org.apache.maven.shared:maven-shared-utils:jar:3.3.4:compile
[DEBUG]       commons-io:commons-io:jar:2.6:compile
[DEBUG]    org.apache.maven.shared:maven-shared-incremental:jar:1.1:compile
[DEBUG]       org.codehaus.plexus:plexus-component-annotations:jar:2.0.0:compile (version managed from default)
[DEBUG]    org.codehaus.plexus:plexus-java:jar:1.1.1:compile
[DEBUG]       org.ow2.asm:asm:jar:9.2:compile
[DEBUG]       com.thoughtworks.qdox:qdox:jar:2.0.1:compile (version managed from default)
[DEBUG]    org.codehaus.plexus:plexus-compiler-api:jar:2.11.1:compile
[DEBUG]       org.codehaus.plexus:plexus-utils:jar:3.4.1:compile
[DEBUG]    org.codehaus.plexus:plexus-compiler-manager:jar:2.11.1:compile
[DEBUG]    org.codehaus.plexus:plexus-compiler-javac:jar:2.11.1:runtime
[DEBUG] Created new class realm plugin>org.apache.maven.plugins:maven-compiler-plugin:3.10.1
[DEBUG] Importing foreign packages into class realm plugin>org.apache.maven.plugins:maven-compiler-plugin:3.10.1
[DEBUG]   Imported:  < maven.api
[DEBUG] Populating class realm plugin>org.apache.maven.plugins:maven-compiler-plugin:3.10.1
[DEBUG]   Included: org.apache.maven.plugins:maven-compiler-plugin:jar:3.10.1
[DEBUG]   Included: org.apache.maven.shared:maven-shared-utils:jar:3.3.4
[DEBUG]   Included: commons-io:commons-io:jar:2.6
[DEBUG]   Included: org.apache.maven.shared:maven-shared-incremental:jar:1.1
[DEBUG]   Included: org.codehaus.plexus:plexus-component-annotations:jar:2.0.0
[DEBUG]   Included: org.codehaus.plexus:plexus-java:jar:1.1.1
[DEBUG]   Included: org.ow2.asm:asm:jar:9.2
[DEBUG]   Included: com.thoughtworks.qdox:qdox:jar:2.0.1
[DEBUG]   Included: org.codehaus.plexus:plexus-compiler-api:jar:2.11.1
[DEBUG]   Included: org.codehaus.plexus:plexus-utils:jar:3.4.1
[DEBUG]   Included: org.codehaus.plexus:plexus-compiler-manager:jar:2.11.1
[DEBUG]   Included: org.codehaus.plexus:plexus-compiler-javac:jar:2.11.1
[DEBUG] Loading mojo org.apache.maven.plugins:maven-compiler-plugin:3.10.1:compile from plugin realm ClassRealm[plugin>org.apache.maven.plugins:maven-compiler-plugin:3.10.1, parent: sun.misc.Launcher$AppClassLoader@70dea4e]
[DEBUG] Configuring mojo execution 'org.apache.maven.plugins:maven-compiler-plugin:3.10.1:compile:default-compile' with basic configurator -->
[DEBUG]   (s) groupId = org.projectlombok
[DEBUG]   (s) artifactId = lombok
[DEBUG]   (s) version = 1.18.32
[DEBUG]   (f) annotationProcessorPaths = [org.projectlombok:lombok:1.18.32.jar]
[DEBUG]   (f) basedir = D:\毕设\health\student_health
[DEBUG]   (f) buildDirectory = D:\毕设\health\student_health\target
[DEBUG]   (f) compilePath = [D:\毕设\health\student_health\target\classes, D:\apache-maven-3.9.11-bin\maven_localRepository\org\springframework\boot\spring-boot-starter-web\2.7.18\spring-boot-starter-web-2.7.18.jar, D:\apache-maven-3.9.11-bin\maven_localRepository\org\springframework\boot\spring-boot-starter\2.7.18\spring-boot-starter-2.7.18.jar, D:\apache-maven-3.9.11-bin\maven_localRepository\org\springframework\boot\spring-boot\2.7.18\spring-boot-2.7.18.jar, D:\apache-maven-3.9.11-bin\maven_localRepository\org\springframework\boot\spring-boot-autoconfigure\2.7.18\spring-boot-autoconfigure-2.7.18.jar, D:\apache-maven-3.9.11-bin\maven_localRepository\org\springframework\boot\spring-boot-starter-logging\2.7.18\spring-boot-starter-logging-2.7.18.jar, D:\apache-maven-3.9.11-bin\maven_localRepository\ch\qos\logback\logback-classic\1.2.12\logback-classic-1.2.12.jar, D:\apache-maven-3.9.11-bin\maven_localRepository\ch\qos\logback\logback-core\1.2.12\logback-core-1.2.12.jar, D:\apache-maven-3.9.11-bin\maven_localRepository\org\apache\logging\log4j\log4j-to-slf4j\2.17.2\log4j-to-slf4j-2.17.2.jar, D:\apache-maven-3.9.11-bin\maven_localRepository\org\apache\logging\log4j\log4j-api\2.17.2\log4j-api-2.17.2.jar, D:\apache-maven-3.9.11-bin\maven_localRepository\org\slf4j\jul-to-slf4j\1.7.36\jul-to-slf4j-1.7.36.jar, D:\apache-maven-3.9.11-bin\maven_localRepository\jakarta\annotation\jakarta.annotation-api\1.3.5\jakarta.annotation-api-1.3.5.jar, D:\apache-maven-3.9.11-bin\maven_localRepository\org\yaml\snakeyaml\1.30\snakeyaml-1.30.jar, D:\apache-maven-3.9.11-bin\maven_localRepository\org\springframework\boot\spring-boot-starter-json\2.7.18\spring-boot-starter-json-2.7.18.jar, D:\apache-maven-3.9.11-bin\maven_localRepository\com\fasterxml\jackson\datatype\jackson-datatype-jdk8\2.13.5\jackson-datatype-jdk8-2.13.5.jar, D:\apache-maven-3.9.11-bin\maven_localRepository\com\fasterxml\jackson\datatype\jackson-datatype-jsr310\2.13.5\jackson-datatype-jsr310-2.13.5.jar, D:\apache-maven-3.9.11-bin\maven_localRepository\com\fasterxml\jackson\module\jackson-module-parameter-names\2.13.5\jackson-module-parameter-names-2.13.5.jar, D:\apache-maven-3.9.11-bin\maven_localRepository\org\springframework\boot\spring-boot-starter-tomcat\2.7.18\spring-boot-starter-tomcat-2.7.18.jar, D:\apache-maven-3.9.11-bin\maven_localRepository\org\apache\tomcat\embed\tomcat-embed-core\9.0.83\tomcat-embed-core-9.0.83.jar, D:\apache-maven-3.9.11-bin\maven_localRepository\org\apache\tomcat\embed\tomcat-embed-websocket\9.0.83\tomcat-embed-websocket-9.0.83.jar, D:\apache-maven-3.9.11-bin\maven_localRepository\org\springframework\spring-web\5.3.31\spring-web-5.3.31.jar, D:\apache-maven-3.9.11-bin\maven_localRepository\org\springframework\spring-beans\5.3.31\spring-beans-5.3.31.jar, D:\apache-maven-3.9.11-bin\maven_localRepository\org\springframework\spring-webmvc\5.3.31\spring-webmvc-5.3.31.jar, D:\apache-maven-3.9.11-bin\maven_localRepository\org\springframework\spring-context\5.3.31\spring-context-5.3.31.jar, D:\apache-maven-3.9.11-bin\maven_localRepository\org\springframework\spring-expression\5.3.31\spring-expression-5.3.31.jar, D:\apache-maven-3.9.11-bin\maven_localRepository\org\springframework\boot\spring-boot-starter-aop\2.7.18\spring-boot-starter-aop-2.7.18.jar, D:\apache-maven-3.9.11-bin\maven_localRepository\org\springframework\spring-aop\5.3.31\spring-aop-5.3.31.jar, D:\apache-maven-3.9.11-bin\maven_localRepository\org\aspectj\aspectjweaver\1.9.7\aspectjweaver-1.9.7.jar, D:\apache-maven-3.9.11-bin\maven_localRepository\org\springframework\boot\spring-boot-starter-validation\2.7.18\spring-boot-starter-validation-2.7.18.jar, D:\apache-maven-3.9.11-bin\maven_localRepository\org\apache\tomcat\embed\tomcat-embed-el\9.0.83\tomcat-embed-el-9.0.83.jar, D:\apache-maven-3.9.11-bin\maven_localRepository\org\hibernate\validator\hibernate-validator\6.2.5.Final\hibernate-validator-6.2.5.Final.jar, D:\apache-maven-3.9.11-bin\maven_localRepository\jakarta\validation\jakarta.validation-api\2.0.2\jakarta.validation-api-2.0.2.jar, D:\apache-maven-3.9.11-bin\maven_localRepository\org\jboss\logging\jboss-logging\3.4.3.Final\jboss-logging-3.4.3.Final.jar, D:\apache-maven-3.9.11-bin\maven_localRepository\com\fasterxml\classmate\1.5.1\classmate-1.5.1.jar, D:\apache-maven-3.9.11-bin\maven_localRepository\org\springframework\boot\spring-boot-starter-security\2.7.18\spring-boot-starter-security-2.7.18.jar, D:\apache-maven-3.9.11-bin\maven_localRepository\org\springframework\security\spring-security-config\5.7.11\spring-security-config-5.7.11.jar, D:\apache-maven-3.9.11-bin\maven_localRepository\org\springframework\security\spring-security-core\5.7.11\spring-security-core-5.7.11.jar, D:\apache-maven-3.9.11-bin\maven_localRepository\org\springframework\security\spring-security-crypto\5.7.11\spring-security-crypto-5.7.11.jar, D:\apache-maven-3.9.11-bin\maven_localRepository\org\springframework\security\spring-security-web\5.7.11\spring-security-web-5.7.11.jar, D:\apache-maven-3.9.11-bin\maven_localRepository\org\mybatis\spring\boot\mybatis-spring-boot-starter\2.3.2\mybatis-spring-boot-starter-2.3.2.jar, D:\apache-maven-3.9.11-bin\maven_localRepository\org\springframework\boot\spring-boot-starter-jdbc\2.7.18\spring-boot-starter-jdbc-2.7.18.jar, D:\apache-maven-3.9.11-bin\maven_localRepository\com\zaxxer\HikariCP\4.0.3\HikariCP-4.0.3.jar, D:\apache-maven-3.9.11-bin\maven_localRepository\org\springframework\spring-jdbc\5.3.31\spring-jdbc-5.3.31.jar, D:\apache-maven-3.9.11-bin\maven_localRepository\org\mybatis\spring\boot\mybatis-spring-boot-autoconfigure\2.3.2\mybatis-spring-boot-autoconfigure-2.3.2.jar, D:\apache-maven-3.9.11-bin\maven_localRepository\org\mybatis\mybatis\3.5.14\mybatis-3.5.14.jar, D:\apache-maven-3.9.11-bin\maven_localRepository\org\mybatis\mybatis-spring\2.1.2\mybatis-spring-2.1.2.jar, D:\apache-maven-3.9.11-bin\maven_localRepository\org\springframework\boot\spring-boot-starter-data-redis\2.7.18\spring-boot-starter-data-redis-2.7.18.jar, D:\apache-maven-3.9.11-bin\maven_localRepository\org\springframework\data\spring-data-redis\2.7.18\spring-data-redis-2.7.18.jar, D:\apache-maven-3.9.11-bin\maven_localRepository\org\springframework\data\spring-data-keyvalue\2.7.18\spring-data-keyvalue-2.7.18.jar, D:\apache-maven-3.9.11-bin\maven_localRepository\org\springframework\data\spring-data-commons\2.7.18\spring-data-commons-2.7.18.jar, D:\apache-maven-3.9.11-bin\maven_localRepository\org\springframework\spring-oxm\5.3.31\spring-oxm-5.3.31.jar, D:\apache-maven-3.9.11-bin\maven_localRepository\io\lettuce\lettuce-core\6.1.10.RELEASE\lettuce-core-6.1.10.RELEASE.jar, D:\apache-maven-3.9.11-bin\maven_localRepository\io\netty\netty-common\4.1.101.Final\netty-common-4.1.101.Final.jar, D:\apache-maven-3.9.11-bin\maven_localRepository\io\netty\netty-handler\4.1.101.Final\netty-handler-4.1.101.Final.jar, D:\apache-maven-3.9.11-bin\maven_localRepository\io\netty\netty-resolver\4.1.101.Final\netty-resolver-4.1.101.Final.jar, D:\apache-maven-3.9.11-bin\maven_localRepository\io\netty\netty-buffer\4.1.101.Final\netty-buffer-4.1.101.Final.jar, D:\apache-maven-3.9.11-bin\maven_localRepository\io\netty\netty-transport-native-unix-common\4.1.101.Final\netty-transport-native-unix-common-4.1.101.Final.jar, D:\apache-maven-3.9.11-bin\maven_localRepository\io\netty\netty-codec\4.1.101.Final\netty-codec-4.1.101.Final.jar, D:\apache-maven-3.9.11-bin\maven_localRepository\io\netty\netty-transport\4.1.101.Final\netty-transport-4.1.101.Final.jar, D:\apache-maven-3.9.11-bin\maven_localRepository\io\projectreactor\reactor-core\3.4.34\reactor-core-3.4.34.jar, D:\apache-maven-3.9.11-bin\maven_localRepository\org\reactivestreams\reactive-streams\1.0.4\reactive-streams-1.0.4.jar, D:\apache-maven-3.9.11-bin\maven_localRepository\org\springframework\boot\spring-boot-starter-quartz\2.7.18\spring-boot-starter-quartz-2.7.18.jar, D:\apache-maven-3.9.11-bin\maven_localRepository\org\springframework\spring-context-support\5.3.31\spring-context-support-5.3.31.jar, D:\apache-maven-3.9.11-bin\maven_localRepository\org\springframework\spring-tx\5.3.31\spring-tx-5.3.31.jar, D:\apache-maven-3.9.11-bin\maven_localRepository\org\quartz-scheduler\quartz\2.3.2\quartz-2.3.2.jar, D:\apache-maven-3.9.11-bin\maven_localRepository\com\mchange\mchange-commons-java\0.2.15\mchange-commons-java-0.2.15.jar, D:\apache-maven-3.9.11-bin\maven_localRepository\io\jsonwebtoken\jjwt-api\0.11.5\jjwt-api-0.11.5.jar, D:\apache-maven-3.9.11-bin\maven_localRepository\com\fasterxml\jackson\core\jackson-databind\2.13.5\jackson-databind-2.13.5.jar, D:\apache-maven-3.9.11-bin\maven_localRepository\com\fasterxml\jackson\core\jackson-annotations\2.13.5\jackson-annotations-2.13.5.jar, D:\apache-maven-3.9.11-bin\maven_localRepository\com\fasterxml\jackson\core\jackson-core\2.13.5\jackson-core-2.13.5.jar, D:\apache-maven-3.9.11-bin\maven_localRepository\com\alibaba\easyexcel\3.3.3\easyexcel-3.3.3.jar, D:\apache-maven-3.9.11-bin\maven_localRepository\com\alibaba\easyexcel-core\3.3.3\easyexcel-core-3.3.3.jar, D:\apache-maven-3.9.11-bin\maven_localRepository\com\alibaba\easyexcel-support\3.3.3\easyexcel-support-3.3.3.jar, D:\apache-maven-3.9.11-bin\maven_localRepository\org\apache\poi\poi\4.1.2\poi-4.1.2.jar, D:\apache-maven-3.9.11-bin\maven_localRepository\commons-codec\commons-codec\1.15\commons-codec-1.15.jar, D:\apache-maven-3.9.11-bin\maven_localRepository\org\apache\commons\commons-collections4\4.4\commons-collections4-4.4.jar, D:\apache-maven-3.9.11-bin\maven_localRepository\org\apache\commons\commons-math3\3.6.1\commons-math3-3.6.1.jar, D:\apache-maven-3.9.11-bin\maven_localRepository\com\zaxxer\SparseBitSet\1.2\SparseBitSet-1.2.jar, D:\apache-maven-3.9.11-bin\maven_localRepository\org\apache\poi\poi-ooxml\4.1.2\poi-ooxml-4.1.2.jar, D:\apache-maven-3.9.11-bin\maven_localRepository\org\apache\commons\commons-compress\1.19\commons-compress-1.19.jar, D:\apache-maven-3.9.11-bin\maven_localRepository\com\github\virtuald\curvesapi\1.06\curvesapi-1.06.jar, D:\apache-maven-3.9.11-bin\maven_localRepository\org\apache\poi\poi-ooxml-schemas\4.1.2\poi-ooxml-schemas-4.1.2.jar, D:\apache-maven-3.9.11-bin\maven_localRepository\org\apache\xmlbeans\xmlbeans\3.1.0\xmlbeans-3.1.0.jar, D:\apache-maven-3.9.11-bin\maven_localRepository\org\apache\commons\commons-csv\1.8\commons-csv-1.8.jar, D:\apache-maven-3.9.11-bin\maven_localRepository\org\ehcache\ehcache\3.10.8\ehcache-3.10.8.jar, D:\apache-maven-3.9.11-bin\maven_localRepository\javax\cache\cache-api\1.1.1\cache-api-1.1.1.jar, D:\apache-maven-3.9.11-bin\maven_localRepository\commons-io\commons-io\2.11.0\commons-io-2.11.0.jar, D:\apache-maven-3.9.11-bin\maven_localRepository\org\slf4j\slf4j-api\1.7.36\slf4j-api-1.7.36.jar, D:\apache-maven-3.9.11-bin\maven_localRepository\com\itextpdf\itextpdf\5.5.13.4\itextpdf-5.5.13.4.jar, D:\apache-maven-3.9.11-bin\maven_localRepository\com\itextpdf\itext-asian\5.2.0\itext-asian-5.2.0.jar, D:\apache-maven-3.9.11-bin\maven_localRepository\org\projectlombok\lombok\1.18.30\lombok-1.18.30.jar, D:\apache-maven-3.9.11-bin\maven_localRepository\org\springframework\spring-core\5.3.31\spring-core-5.3.31.jar, D:\apache-maven-3.9.11-bin\maven_localRepository\org\springframework\spring-jcl\5.3.31\spring-jcl-5.3.31.jar]
[DEBUG]   (f) compileSourceRoots = [D:\毕设\health\student_health\src\main\java]
[DEBUG]   (f) compilerId = javac
[DEBUG]   (f) createMissingPackageInfoClass = true
[DEBUG]   (f) debug = true
[DEBUG]   (f) debugFileName = javac
[DEBUG]   (f) enablePreview = false
[DEBUG]   (f) encoding = UTF-8
[DEBUG]   (f) failOnError = true
[DEBUG]   (f) failOnWarning = false
[DEBUG]   (f) forceJavacCompilerUse = false
[DEBUG]   (f) fork = false
[DEBUG]   (f) generatedSourcesDirectory = D:\毕设\health\student_health\target\generated-sources\annotations
[DEBUG]   (f) mojoExecution = org.apache.maven.plugins:maven-compiler-plugin:3.10.1:compile {execution: default-compile}
[DEBUG]   (f) optimize = false
[DEBUG]   (f) outputDirectory = D:\毕设\health\student_health\target\classes
[DEBUG]   (f) parameters = true
[DEBUG]   (f) project = MavenProject: org.example:student_health:1.0.0 @ D:\毕设\health\student_health\pom.xml
[DEBUG]   (f) projectArtifact = org.example:student_health:jar:1.0.0
[DEBUG]   (f) session = org.apache.maven.execution.MavenSession@5b498842
[DEBUG]   (f) showDeprecation = false
[DEBUG]   (f) showWarnings = false
[DEBUG]   (f) skipMultiThreadWarning = false
[DEBUG]   (f) source = 8
[DEBUG]   (f) staleMillis = 0
[DEBUG]   (s) target = 8
[DEBUG]   (f) useIncrementalCompilation = true
[DEBUG]   (f) verbose = false
[DEBUG] -- end configuration --
[DEBUG] Using compiler 'javac'.
[DEBUG] Adding D:\毕设\health\student_health\target\generated-sources\annotations to compile source roots:
  D:\毕设\health\student_health\src\main\java
[DEBUG] New compile source roots:
  D:\毕设\health\student_health\src\main\java
  D:\毕设\health\student_health\target\generated-sources\annotations
[DEBUG] CompilerReuseStrategy: reuseCreated
[DEBUG] useIncrementalCompilation enabled
[DEBUG] Stale source detected: D:\毕设\health\student_health\src\main\java\org\example\common\GlobalExceptionHandler.java
[DEBUG] Stale source detected: D:\毕设\health\student_health\src\main\java\org\example\report\dto\ReportUpdateRequest.java
[DEBUG] Stale source detected: D:\毕设\health\student_health\src\main\java\org\example\auth\dto\LoginResponse.java
[DEBUG] Stale source detected: D:\毕设\health\student_health\src\main\java\org\example\system\scheduler\SchedulerController.java
[DEBUG] Stale source detected: D:\毕设\health\student_health\src\main\java\org\example\student\dto\StudentImportResult.java
[DEBUG] Stale source detected: D:\毕设\health\student_health\src\main\java\org\example\user\UserAuditController.java
[DEBUG] Stale source detected: D:\毕设\health\student_health\src\main\java\org\example\util\PasswordGenerator.java
[DEBUG] Stale source detected: D:\毕设\health\student_health\src\main\java\org\example\exam\ExamController.java
[DEBUG] Stale source detected: D:\毕设\health\student_health\src\main\java\org\example\exam\ExamRecordMapper.java
[DEBUG] Stale source detected: D:\毕设\health\student_health\src\main\java\org\example\security\SecurityUtil.java
[DEBUG] Stale source detected: D:\毕设\health\student_health\src\main\java\org\example\user\UserController.java
[DEBUG] Stale source detected: D:\毕设\health\student_health\src\main\java\org\example\common\utils\SpringContextUtil.java
[DEBUG] Stale source detected: D:\毕设\health\student_health\src\main\java\org\example\exam\ExamBatchMapper.java
[DEBUG] Stale source detected: D:\毕设\health\student_health\src\main\java\org\example\exam\ExamMetricMapper.java
[DEBUG] Stale source detected: D:\毕设\health\student_health\src\main\java\org\example\student\StudentService.java
[DEBUG] Stale source detected: D:\毕设\health\student_health\src\main\java\org\example\exam\ExamRecordEntity.java
[DEBUG] Stale source detected: D:\毕设\health\student_health\src\main\java\org\example\system\scheduler\SchedulerService.java
[DEBUG] Stale source detected: D:\毕设\health\student_health\src\main\java\org\example\system\scheduler\SchedulerUtil.java
[DEBUG] Stale source detected: D:\毕设\health\student_health\src\main\java\org\example\security\JwtAuthFilter.java
[DEBUG] Stale source detected: D:\毕设\health\student_health\src\main\java\org\example\common\BizException.java
[DEBUG] Stale source detected: D:\毕设\health\student_health\src\main\java\org\example\exam\dto\ExamMetricSaveRequest.java
[DEBUG] Stale source detected: D:\毕设\health\student_health\src\main\java\org\example\common\PageResult.java
[DEBUG] Stale source detected: D:\毕设\health\student_health\src\main\java\org\example\exam\dto\ExamRecordSaveRequest.java
[DEBUG] Stale source detected: D:\毕设\health\student_health\src\main\java\org\example\exam\ExamMetricEntity.java
[DEBUG] Stale source detected: D:\毕设\health\student_health\src\main\java\org\example\system\scheduler\SchedulerJobMapper.java
[DEBUG] Stale source detected: D:\毕设\health\student_health\src\main\java\org\example\common\audit\AuditLog.java
[DEBUG] Stale source detected: D:\毕设\health\student_health\src\main\java\org\example\report\dto\ReportGenerateRequest.java
[DEBUG] Stale source detected: D:\毕设\health\student_health\src\main\java\org\example\system\scheduler\QuartzJobExecution.java
[DEBUG] Stale source detected: D:\毕设\health\student_health\src\main\java\org\example\security\UserPrincipal.java
[DEBUG] Stale source detected: D:\毕设\health\student_health\src\main\java\org\example\student\dto\StudentExcelModel.java
[DEBUG] Stale source detected: D:\毕设\health\student_health\src\main\java\org\example\auth\AuthController.java
[DEBUG] Stale source detected: D:\毕设\health\student_health\src\main\java\org\example\common\audit\AuditLogAspect.java
[DEBUG] Stale source detected: D:\毕设\health\student_health\src\main\java\org\example\report\ReportController.java
[DEBUG] Stale source detected: D:\毕设\health\student_health\src\main\java\org\example\exam\ExamService.java
[DEBUG] Stale source detected: D:\毕设\health\student_health\src\main\java\org\example\system\audit\AuditLogController.java
[DEBUG] Stale source detected: D:\毕设\health\student_health\src\main\java\org\example\report\ReportService.java
[DEBUG] Stale source detected: D:\毕设\health\student_health\src\main\java\org\example\student\StudentController.java
[INFO] Changes detected - recompiling the module!
[DEBUG] Classpath:
[DEBUG]  D:\毕设\health\student_health\target\classes
[DEBUG]  D:\apache-maven-3.9.11-bin\maven_localRepository\org\springframework\boot\spring-boot-starter-web\2.7.18\spring-boot-starter-web-2.7.18.jar
[DEBUG]  D:\apache-maven-3.9.11-bin\maven_localRepository\org\springframework\boot\spring-boot-starter\2.7.18\spring-boot-starter-2.7.18.jar
[DEBUG]  D:\apache-maven-3.9.11-bin\maven_localRepository\org\springframework\boot\spring-boot\2.7.18\spring-boot-2.7.18.jar
[DEBUG]  D:\apache-maven-3.9.11-bin\maven_localRepository\org\springframework\boot\spring-boot-autoconfigure\2.7.18\spring-boot-autoconfigure-2.7.18.jar
[DEBUG]  D:\apache-maven-3.9.11-bin\maven_localRepository\org\springframework\boot\spring-boot-starter-logging\2.7.18\spring-boot-starter-logging-2.7.18.jar
[DEBUG]  D:\apache-maven-3.9.11-bin\maven_localRepository\ch\qos\logback\logback-classic\1.2.12\logback-classic-1.2.12.jar
[DEBUG]  D:\apache-maven-3.9.11-bin\maven_localRepository\ch\qos\logback\logback-core\1.2.12\logback-core-1.2.12.jar
[DEBUG]  D:\apache-maven-3.9.11-bin\maven_localRepository\org\apache\logging\log4j\log4j-to-slf4j\2.17.2\log4j-to-slf4j-2.17.2.jar
[DEBUG]  D:\apache-maven-3.9.11-bin\maven_localRepository\org\apache\logging\log4j\log4j-api\2.17.2\log4j-api-2.17.2.jar
[DEBUG]  D:\apache-maven-3.9.11-bin\maven_localRepository\org\slf4j\jul-to-slf4j\1.7.36\jul-to-slf4j-1.7.36.jar
[DEBUG]  D:\apache-maven-3.9.11-bin\maven_localRepository\jakarta\annotation\jakarta.annotation-api\1.3.5\jakarta.annotation-api-1.3.5.jar
[DEBUG]  D:\apache-maven-3.9.11-bin\maven_localRepository\org\yaml\snakeyaml\1.30\snakeyaml-1.30.jar
[DEBUG]  D:\apache-maven-3.9.11-bin\maven_localRepository\org\springframework\boot\spring-boot-starter-json\2.7.18\spring-boot-starter-json-2.7.18.jar
[DEBUG]  D:\apache-maven-3.9.11-bin\maven_localRepository\com\fasterxml\jackson\datatype\jackson-datatype-jdk8\2.13.5\jackson-datatype-jdk8-2.13.5.jar
[DEBUG]  D:\apache-maven-3.9.11-bin\maven_localRepository\com\fasterxml\jackson\datatype\jackson-datatype-jsr310\2.13.5\jackson-datatype-jsr310-2.13.5.jar
[DEBUG]  D:\apache-maven-3.9.11-bin\maven_localRepository\com\fasterxml\jackson\module\jackson-module-parameter-names\2.13.5\jackson-module-parameter-names-2.13.5.jar
[DEBUG]  D:\apache-maven-3.9.11-bin\maven_localRepository\org\springframework\boot\spring-boot-starter-tomcat\2.7.18\spring-boot-starter-tomcat-2.7.18.jar
[DEBUG]  D:\apache-maven-3.9.11-bin\maven_localRepository\org\apache\tomcat\embed\tomcat-embed-core\9.0.83\tomcat-embed-core-9.0.83.jar
[DEBUG]  D:\apache-maven-3.9.11-bin\maven_localRepository\org\apache\tomcat\embed\tomcat-embed-websocket\9.0.83\tomcat-embed-websocket-9.0.83.jar
[DEBUG]  D:\apache-maven-3.9.11-bin\maven_localRepository\org\springframework\spring-web\5.3.31\spring-web-5.3.31.jar
[DEBUG]  D:\apache-maven-3.9.11-bin\maven_localRepository\org\springframework\spring-beans\5.3.31\spring-beans-5.3.31.jar
[DEBUG]  D:\apache-maven-3.9.11-bin\maven_localRepository\org\springframework\spring-webmvc\5.3.31\spring-webmvc-5.3.31.jar
[DEBUG]  D:\apache-maven-3.9.11-bin\maven_localRepository\org\springframework\spring-context\5.3.31\spring-context-5.3.31.jar
[DEBUG]  D:\apache-maven-3.9.11-bin\maven_localRepository\org\springframework\spring-expression\5.3.31\spring-expression-5.3.31.jar
[DEBUG]  D:\apache-maven-3.9.11-bin\maven_localRepository\org\springframework\boot\spring-boot-starter-aop\2.7.18\spring-boot-starter-aop-2.7.18.jar
[DEBUG]  D:\apache-maven-3.9.11-bin\maven_localRepository\org\springframework\spring-aop\5.3.31\spring-aop-5.3.31.jar
[DEBUG]  D:\apache-maven-3.9.11-bin\maven_localRepository\org\aspectj\aspectjweaver\1.9.7\aspectjweaver-1.9.7.jar
[DEBUG]  D:\apache-maven-3.9.11-bin\maven_localRepository\org\springframework\boot\spring-boot-starter-validation\2.7.18\spring-boot-starter-validation-2.7.18.jar
[DEBUG]  D:\apache-maven-3.9.11-bin\maven_localRepository\org\apache\tomcat\embed\tomcat-embed-el\9.0.83\tomcat-embed-el-9.0.83.jar
[DEBUG]  D:\apache-maven-3.9.11-bin\maven_localRepository\org\hibernate\validator\hibernate-validator\6.2.5.Final\hibernate-validator-6.2.5.Final.jar
[DEBUG]  D:\apache-maven-3.9.11-bin\maven_localRepository\jakarta\validation\jakarta.validation-api\2.0.2\jakarta.validation-api-2.0.2.jar
[DEBUG]  D:\apache-maven-3.9.11-bin\maven_localRepository\org\jboss\logging\jboss-logging\3.4.3.Final\jboss-logging-3.4.3.Final.jar
[DEBUG]  D:\apache-maven-3.9.11-bin\maven_localRepository\com\fasterxml\classmate\1.5.1\classmate-1.5.1.jar
[DEBUG]  D:\apache-maven-3.9.11-bin\maven_localRepository\org\springframework\boot\spring-boot-starter-security\2.7.18\spring-boot-starter-security-2.7.18.jar
[DEBUG]  D:\apache-maven-3.9.11-bin\maven_localRepository\org\springframework\security\spring-security-config\5.7.11\spring-security-config-5.7.11.jar
[DEBUG]  D:\apache-maven-3.9.11-bin\maven_localRepository\org\springframework\security\spring-security-core\5.7.11\spring-security-core-5.7.11.jar
[DEBUG]  D:\apache-maven-3.9.11-bin\maven_localRepository\org\springframework\security\spring-security-crypto\5.7.11\spring-security-crypto-5.7.11.jar
[DEBUG]  D:\apache-maven-3.9.11-bin\maven_localRepository\org\springframework\security\spring-security-web\5.7.11\spring-security-web-5.7.11.jar
[DEBUG]  D:\apache-maven-3.9.11-bin\maven_localRepository\org\mybatis\spring\boot\mybatis-spring-boot-starter\2.3.2\mybatis-spring-boot-starter-2.3.2.jar
[DEBUG]  D:\apache-maven-3.9.11-bin\maven_localRepository\org\springframework\boot\spring-boot-starter-jdbc\2.7.18\spring-boot-starter-jdbc-2.7.18.jar
[DEBUG]  D:\apache-maven-3.9.11-bin\maven_localRepository\com\zaxxer\HikariCP\4.0.3\HikariCP-4.0.3.jar
[DEBUG]  D:\apache-maven-3.9.11-bin\maven_localRepository\org\springframework\spring-jdbc\5.3.31\spring-jdbc-5.3.31.jar
[DEBUG]  D:\apache-maven-3.9.11-bin\maven_localRepository\org\mybatis\spring\boot\mybatis-spring-boot-autoconfigure\2.3.2\mybatis-spring-boot-autoconfigure-2.3.2.jar
[DEBUG]  D:\apache-maven-3.9.11-bin\maven_localRepository\org\mybatis\mybatis\3.5.14\mybatis-3.5.14.jar
[DEBUG]  D:\apache-maven-3.9.11-bin\maven_localRepository\org\mybatis\mybatis-spring\2.1.2\mybatis-spring-2.1.2.jar
[DEBUG]  D:\apache-maven-3.9.11-bin\maven_localRepository\org\springframework\boot\spring-boot-starter-data-redis\2.7.18\spring-boot-starter-data-redis-2.7.18.jar
[DEBUG]  D:\apache-maven-3.9.11-bin\maven_localRepository\org\springframework\data\spring-data-redis\2.7.18\spring-data-redis-2.7.18.jar
[DEBUG]  D:\apache-maven-3.9.11-bin\maven_localRepository\org\springframework\data\spring-data-keyvalue\2.7.18\spring-data-keyvalue-2.7.18.jar
[DEBUG]  D:\apache-maven-3.9.11-bin\maven_localRepository\org\springframework\data\spring-data-commons\2.7.18\spring-data-commons-2.7.18.jar
[DEBUG]  D:\apache-maven-3.9.11-bin\maven_localRepository\org\springframework\spring-oxm\5.3.31\spring-oxm-5.3.31.jar
[DEBUG]  D:\apache-maven-3.9.11-bin\maven_localRepository\io\lettuce\lettuce-core\6.1.10.RELEASE\lettuce-core-6.1.10.RELEASE.jar
[DEBUG]  D:\apache-maven-3.9.11-bin\maven_localRepository\io\netty\netty-common\4.1.101.Final\netty-common-4.1.101.Final.jar
[DEBUG]  D:\apache-maven-3.9.11-bin\maven_localRepository\io\netty\netty-handler\4.1.101.Final\netty-handler-4.1.101.Final.jar
[DEBUG]  D:\apache-maven-3.9.11-bin\maven_localRepository\io\netty\netty-resolver\4.1.101.Final\netty-resolver-4.1.101.Final.jar
[DEBUG]  D:\apache-maven-3.9.11-bin\maven_localRepository\io\netty\netty-buffer\4.1.101.Final\netty-buffer-4.1.101.Final.jar
[DEBUG]  D:\apache-maven-3.9.11-bin\maven_localRepository\io\netty\netty-transport-native-unix-common\4.1.101.Final\netty-transport-native-unix-common-4.1.101.Final.jar
[DEBUG]  D:\apache-maven-3.9.11-bin\maven_localRepository\io\netty\netty-codec\4.1.101.Final\netty-codec-4.1.101.Final.jar
[DEBUG]  D:\apache-maven-3.9.11-bin\maven_localRepository\io\netty\netty-transport\4.1.101.Final\netty-transport-4.1.101.Final.jar
[DEBUG]  D:\apache-maven-3.9.11-bin\maven_localRepository\io\projectreactor\reactor-core\3.4.34\reactor-core-3.4.34.jar
[DEBUG]  D:\apache-maven-3.9.11-bin\maven_localRepository\org\reactivestreams\reactive-streams\1.0.4\reactive-streams-1.0.4.jar
[DEBUG]  D:\apache-maven-3.9.11-bin\maven_localRepository\org\springframework\boot\spring-boot-starter-quartz\2.7.18\spring-boot-starter-quartz-2.7.18.jar
[DEBUG]  D:\apache-maven-3.9.11-bin\maven_localRepository\org\springframework\spring-context-support\5.3.31\spring-context-support-5.3.31.jar
[DEBUG]  D:\apache-maven-3.9.11-bin\maven_localRepository\org\springframework\spring-tx\5.3.31\spring-tx-5.3.31.jar
[DEBUG]  D:\apache-maven-3.9.11-bin\maven_localRepository\org\quartz-scheduler\quartz\2.3.2\quartz-2.3.2.jar
[DEBUG]  D:\apache-maven-3.9.11-bin\maven_localRepository\com\mchange\mchange-commons-java\0.2.15\mchange-commons-java-0.2.15.jar
[DEBUG]  D:\apache-maven-3.9.11-bin\maven_localRepository\io\jsonwebtoken\jjwt-api\0.11.5\jjwt-api-0.11.5.jar
[DEBUG]  D:\apache-maven-3.9.11-bin\maven_localRepository\com\fasterxml\jackson\core\jackson-databind\2.13.5\jackson-databind-2.13.5.jar
[DEBUG]  D:\apache-maven-3.9.11-bin\maven_localRepository\com\fasterxml\jackson\core\jackson-annotations\2.13.5\jackson-annotations-2.13.5.jar
[DEBUG]  D:\apache-maven-3.9.11-bin\maven_localRepository\com\fasterxml\jackson\core\jackson-core\2.13.5\jackson-core-2.13.5.jar
[DEBUG]  D:\apache-maven-3.9.11-bin\maven_localRepository\com\alibaba\easyexcel\3.3.3\easyexcel-3.3.3.jar
[DEBUG]  D:\apache-maven-3.9.11-bin\maven_localRepository\com\alibaba\easyexcel-core\3.3.3\easyexcel-core-3.3.3.jar
[DEBUG]  D:\apache-maven-3.9.11-bin\maven_localRepository\com\alibaba\easyexcel-support\3.3.3\easyexcel-support-3.3.3.jar
[DEBUG]  D:\apache-maven-3.9.11-bin\maven_localRepository\org\apache\poi\poi\4.1.2\poi-4.1.2.jar
[DEBUG]  D:\apache-maven-3.9.11-bin\maven_localRepository\commons-codec\commons-codec\1.15\commons-codec-1.15.jar
[DEBUG]  D:\apache-maven-3.9.11-bin\maven_localRepository\org\apache\commons\commons-collections4\4.4\commons-collections4-4.4.jar
[DEBUG]  D:\apache-maven-3.9.11-bin\maven_localRepository\org\apache\commons\commons-math3\3.6.1\commons-math3-3.6.1.jar
[DEBUG]  D:\apache-maven-3.9.11-bin\maven_localRepository\com\zaxxer\SparseBitSet\1.2\SparseBitSet-1.2.jar
[DEBUG]  D:\apache-maven-3.9.11-bin\maven_localRepository\org\apache\poi\poi-ooxml\4.1.2\poi-ooxml-4.1.2.jar
[DEBUG]  D:\apache-maven-3.9.11-bin\maven_localRepository\org\apache\commons\commons-compress\1.19\commons-compress-1.19.jar
[DEBUG]  D:\apache-maven-3.9.11-bin\maven_localRepository\com\github\virtuald\curvesapi\1.06\curvesapi-1.06.jar
[DEBUG]  D:\apache-maven-3.9.11-bin\maven_localRepository\org\apache\poi\poi-ooxml-schemas\4.1.2\poi-ooxml-schemas-4.1.2.jar
[DEBUG]  D:\apache-maven-3.9.11-bin\maven_localRepository\org\apache\xmlbeans\xmlbeans\3.1.0\xmlbeans-3.1.0.jar
[DEBUG]  D:\apache-maven-3.9.11-bin\maven_localRepository\org\apache\commons\commons-csv\1.8\commons-csv-1.8.jar
[DEBUG]  D:\apache-maven-3.9.11-bin\maven_localRepository\org\ehcache\ehcache\3.10.8\ehcache-3.10.8.jar
[DEBUG]  D:\apache-maven-3.9.11-bin\maven_localRepository\javax\cache\cache-api\1.1.1\cache-api-1.1.1.jar
[DEBUG]  D:\apache-maven-3.9.11-bin\maven_localRepository\commons-io\commons-io\2.11.0\commons-io-2.11.0.jar
[DEBUG]  D:\apache-maven-3.9.11-bin\maven_localRepository\org\slf4j\slf4j-api\1.7.36\slf4j-api-1.7.36.jar
[DEBUG]  D:\apache-maven-3.9.11-bin\maven_localRepository\com\itextpdf\itextpdf\5.5.13.4\itextpdf-5.5.13.4.jar
[DEBUG]  D:\apache-maven-3.9.11-bin\maven_localRepository\com\itextpdf\itext-asian\5.2.0\itext-asian-5.2.0.jar
[DEBUG]  D:\apache-maven-3.9.11-bin\maven_localRepository\org\projectlombok\lombok\1.18.30\lombok-1.18.30.jar
[DEBUG]  D:\apache-maven-3.9.11-bin\maven_localRepository\org\springframework\spring-core\5.3.31\spring-core-5.3.31.jar
[DEBUG]  D:\apache-maven-3.9.11-bin\maven_localRepository\org\springframework\spring-jcl\5.3.31\spring-jcl-5.3.31.jar
[DEBUG] Source roots:
[DEBUG]  D:\毕设\health\student_health\src\main\java
[DEBUG]  D:\毕设\health\student_health\target\generated-sources\annotations
[DEBUG] Command line options:
[DEBUG] -d D:\毕设\health\student_health\target\classes -classpath D:\毕设\health\student_health\target\classes;D:\apache-maven-3.9.11-bin\maven_localRepository\org\springframework\boot\spring-boot-starter-web\2.7.18\spring-boot-starter-web-2.7.18.jar;D:\apache-maven-3.9.11-bin\maven_localRepository\org\springframework\boot\spring-boot-starter\2.7.18\spring-boot-starter-2.7.18.jar;D:\apache-maven-3.9.11-bin\maven_localRepository\org\springframework\boot\spring-boot\2.7.18\spring-boot-2.7.18.jar;D:\apache-maven-3.9.11-bin\maven_localRepository\org\springframework\boot\spring-boot-autoconfigure\2.7.18\spring-boot-autoconfigure-2.7.18.jar;D:\apache-maven-3.9.11-bin\maven_localRepository\org\springframework\boot\spring-boot-starter-logging\2.7.18\spring-boot-starter-logging-2.7.18.jar;D:\apache-maven-3.9.11-bin\maven_localRepository\ch\qos\logback\logback-classic\1.2.12\logback-classic-1.2.12.jar;D:\apache-maven-3.9.11-bin\maven_localRepository\ch\qos\logback\logback-core\1.2.12\logback-core-1.2.12.jar;D:\apache-maven-3.9.11-bin\maven_localRepository\org\apache\logging\log4j\log4j-to-slf4j\2.17.2\log4j-to-slf4j-2.17.2.jar;D:\apache-maven-3.9.11-bin\maven_localRepository\org\apache\logging\log4j\log4j-api\2.17.2\log4j-api-2.17.2.jar;D:\apache-maven-3.9.11-bin\maven_localRepository\org\slf4j\jul-to-slf4j\1.7.36\jul-to-slf4j-1.7.36.jar;D:\apache-maven-3.9.11-bin\maven_localRepository\jakarta\annotation\jakarta.annotation-api\1.3.5\jakarta.annotation-api-1.3.5.jar;D:\apache-maven-3.9.11-bin\maven_localRepository\org\yaml\snakeyaml\1.30\snakeyaml-1.30.jar;D:\apache-maven-3.9.11-bin\maven_localRepository\org\springframework\boot\spring-boot-starter-json\2.7.18\spring-boot-starter-json-2.7.18.jar;D:\apache-maven-3.9.11-bin\maven_localRepository\com\fasterxml\jackson\datatype\jackson-datatype-jdk8\2.13.5\jackson-datatype-jdk8-2.13.5.jar;D:\apache-maven-3.9.11-bin\maven_localRepository\com\fasterxml\jackson\datatype\jackson-datatype-jsr310\2.13.5\jackson-datatype-jsr310-2.13.5.jar;D:\apache-maven-3.9.11-bin\maven_localRepository\com\fasterxml\jackson\module\jackson-module-parameter-names\2.13.5\jackson-module-parameter-names-2.13.5.jar;D:\apache-maven-3.9.11-bin\maven_localRepository\org\springframework\boot\spring-boot-starter-tomcat\2.7.18\spring-boot-starter-tomcat-2.7.18.jar;D:\apache-maven-3.9.11-bin\maven_localRepository\org\apache\tomcat\embed\tomcat-embed-core\9.0.83\tomcat-embed-core-9.0.83.jar;D:\apache-maven-3.9.11-bin\maven_localRepository\org\apache\tomcat\embed\tomcat-embed-websocket\9.0.83\tomcat-embed-websocket-9.0.83.jar;D:\apache-maven-3.9.11-bin\maven_localRepository\org\springframework\spring-web\5.3.31\spring-web-5.3.31.jar;D:\apache-maven-3.9.11-bin\maven_localRepository\org\springframework\spring-beans\5.3.31\spring-beans-5.3.31.jar;D:\apache-maven-3.9.11-bin\maven_localRepository\org\springframework\spring-webmvc\5.3.31\spring-webmvc-5.3.31.jar;D:\apache-maven-3.9.11-bin\maven_localRepository\org\springframework\spring-context\5.3.31\spring-context-5.3.31.jar;D:\apache-maven-3.9.11-bin\maven_localRepository\org\springframework\spring-expression\5.3.31\spring-expression-5.3.31.jar;D:\apache-maven-3.9.11-bin\maven_localRepository\org\springframework\boot\spring-boot-starter-aop\2.7.18\spring-boot-starter-aop-2.7.18.jar;D:\apache-maven-3.9.11-bin\maven_localRepository\org\springframework\spring-aop\5.3.31\spring-aop-5.3.31.jar;D:\apache-maven-3.9.11-bin\maven_localRepository\org\aspectj\aspectjweaver\1.9.7\aspectjweaver-1.9.7.jar;D:\apache-maven-3.9.11-bin\maven_localRepository\org\springframework\boot\spring-boot-starter-validation\2.7.18\spring-boot-starter-validation-2.7.18.jar;D:\apache-maven-3.9.11-bin\maven_localRepository\org\apache\tomcat\embed\tomcat-embed-el\9.0.83\tomcat-embed-el-9.0.83.jar;D:\apache-maven-3.9.11-bin\maven_localRepository\org\hibernate\validator\hibernate-validator\6.2.5.Final\hibernate-validator-6.2.5.Final.jar;D:\apache-maven-3.9.11-bin\maven_localRepository\jakarta\validation\jakarta.validation-api\2.0.2\jakarta.validation-api-2.0.2.jar;D:\apache-maven-3.9.11-bin\maven_localRepository\org\jboss\logging\jboss-logging\3.4.3.Final\jboss-logging-3.4.3.Final.jar;D:\apache-maven-3.9.11-bin\maven_localRepository\com\fasterxml\classmate\1.5.1\classmate-1.5.1.jar;D:\apache-maven-3.9.11-bin\maven_localRepository\org\springframework\boot\spring-boot-starter-security\2.7.18\spring-boot-starter-security-2.7.18.jar;D:\apache-maven-3.9.11-bin\maven_localRepository\org\springframework\security\spring-security-config\5.7.11\spring-security-config-5.7.11.jar;D:\apache-maven-3.9.11-bin\maven_localRepository\org\springframework\security\spring-security-core\5.7.11\spring-security-core-5.7.11.jar;D:\apache-maven-3.9.11-bin\maven_localRepository\org\springframework\security\spring-security-crypto\5.7.11\spring-security-crypto-5.7.11.jar;D:\apache-maven-3.9.11-bin\maven_localRepository\org\springframework\security\spring-security-web\5.7.11\spring-security-web-5.7.11.jar;D:\apache-maven-3.9.11-bin\maven_localRepository\org\mybatis\spring\boot\mybatis-spring-boot-starter\2.3.2\mybatis-spring-boot-starter-2.3.2.jar;D:\apache-maven-3.9.11-bin\maven_localRepository\org\springframework\boot\spring-boot-starter-jdbc\2.7.18\spring-boot-starter-jdbc-2.7.18.jar;D:\apache-maven-3.9.11-bin\maven_localRepository\com\zaxxer\HikariCP\4.0.3\HikariCP-4.0.3.jar;D:\apache-maven-3.9.11-bin\maven_localRepository\org\springframework\spring-jdbc\5.3.31\spring-jdbc-5.3.31.jar;D:\apache-maven-3.9.11-bin\maven_localRepository\org\mybatis\spring\boot\mybatis-spring-boot-autoconfigure\2.3.2\mybatis-spring-boot-autoconfigure-2.3.2.jar;D:\apache-maven-3.9.11-bin\maven_localRepository\org\mybatis\mybatis\3.5.14\mybatis-3.5.14.jar;D:\apache-maven-3.9.11-bin\maven_localRepository\org\mybatis\mybatis-spring\2.1.2\mybatis-spring-2.1.2.jar;D:\apache-maven-3.9.11-bin\maven_localRepository\org\springframework\boot\spring-boot-starter-data-redis\2.7.18\spring-boot-starter-data-redis-2.7.18.jar;D:\apache-maven-3.9.11-bin\maven_localRepository\org\springframework\data\spring-data-redis\2.7.18\spring-data-redis-2.7.18.jar;D:\apache-maven-3.9.11-bin\maven_localRepository\org\springframework\data\spring-data-keyvalue\2.7.18\spring-data-keyvalue-2.7.18.jar;D:\apache-maven-3.9.11-bin\maven_localRepository\org\springframework\data\spring-data-commons\2.7.18\spring-data-commons-2.7.18.jar;D:\apache-maven-3.9.11-bin\maven_localRepository\org\springframework\spring-oxm\5.3.31\spring-oxm-5.3.31.jar;D:\apache-maven-3.9.11-bin\maven_localRepository\io\lettuce\lettuce-core\6.1.10.RELEASE\lettuce-core-6.1.10.RELEASE.jar;D:\apache-maven-3.9.11-bin\maven_localRepository\io\netty\netty-common\4.1.101.Final\netty-common-4.1.101.Final.jar;D:\apache-maven-3.9.11-bin\maven_localRepository\io\netty\netty-handler\4.1.101.Final\netty-handler-4.1.101.Final.jar;D:\apache-maven-3.9.11-bin\maven_localRepository\io\netty\netty-resolver\4.1.101.Final\netty-resolver-4.1.101.Final.jar;D:\apache-maven-3.9.11-bin\maven_localRepository\io\netty\netty-buffer\4.1.101.Final\netty-buffer-4.1.101.Final.jar;D:\apache-maven-3.9.11-bin\maven_localRepository\io\netty\netty-transport-native-unix-common\4.1.101.Final\netty-transport-native-unix-common-4.1.101.Final.jar;D:\apache-maven-3.9.11-bin\maven_localRepository\io\netty\netty-codec\4.1.101.Final\netty-codec-4.1.101.Final.jar;D:\apache-maven-3.9.11-bin\maven_localRepository\io\netty\netty-transport\4.1.101.Final\netty-transport-4.1.101.Final.jar;D:\apache-maven-3.9.11-bin\maven_localRepository\io\projectreactor\reactor-core\3.4.34\reactor-core-3.4.34.jar;D:\apache-maven-3.9.11-bin\maven_localRepository\org\reactivestreams\reactive-streams\1.0.4\reactive-streams-1.0.4.jar;D:\apache-maven-3.9.11-bin\maven_localRepository\org\springframework\boot\spring-boot-starter-quartz\2.7.18\spring-boot-starter-quartz-2.7.18.jar;D:\apache-maven-3.9.11-bin\maven_localRepository\org\springframework\spring-context-support\5.3.31\spring-context-support-5.3.31.jar;D:\apache-maven-3.9.11-bin\maven_localRepository\org\springframework\spring-tx\5.3.31\spring-tx-5.3.31.jar;D:\apache-maven-3.9.11-bin\maven_localRepository\org\quartz-scheduler\quartz\2.3.2\quartz-2.3.2.jar;D:\apache-maven-3.9.11-bin\maven_localRepository\com\mchange\mchange-commons-java\0.2.15\mchange-commons-java-0.2.15.jar;D:\apache-maven-3.9.11-bin\maven_localRepository\io\jsonwebtoken\jjwt-api\0.11.5\jjwt-api-0.11.5.jar;D:\apache-maven-3.9.11-bin\maven_localRepository\com\fasterxml\jackson\core\jackson-databind\2.13.5\jackson-databind-2.13.5.jar;D:\apache-maven-3.9.11-bin\maven_localRepository\com\fasterxml\jackson\core\jackson-annotations\2.13.5\jackson-annotations-2.13.5.jar;D:\apache-maven-3.9.11-bin\maven_localRepository\com\fasterxml\jackson\core\jackson-core\2.13.5\jackson-core-2.13.5.jar;D:\apache-maven-3.9.11-bin\maven_localRepository\com\alibaba\easyexcel\3.3.3\easyexcel-3.3.3.jar;D:\apache-maven-3.9.11-bin\maven_localRepository\com\alibaba\easyexcel-core\3.3.3\easyexcel-core-3.3.3.jar;D:\apache-maven-3.9.11-bin\maven_localRepository\com\alibaba\easyexcel-support\3.3.3\easyexcel-support-3.3.3.jar;D:\apache-maven-3.9.11-bin\maven_localRepository\org\apache\poi\poi\4.1.2\poi-4.1.2.jar;D:\apache-maven-3.9.11-bin\maven_localRepository\commons-codec\commons-codec\1.15\commons-codec-1.15.jar;D:\apache-maven-3.9.11-bin\maven_localRepository\org\apache\commons\commons-collections4\4.4\commons-collections4-4.4.jar;D:\apache-maven-3.9.11-bin\maven_localRepository\org\apache\commons\commons-math3\3.6.1\commons-math3-3.6.1.jar;D:\apache-maven-3.9.11-bin\maven_localRepository\com\zaxxer\SparseBitSet\1.2\SparseBitSet-1.2.jar;D:\apache-maven-3.9.11-bin\maven_localRepository\org\apache\poi\poi-ooxml\4.1.2\poi-ooxml-4.1.2.jar;D:\apache-maven-3.9.11-bin\maven_localRepository\org\apache\commons\commons-compress\1.19\commons-compress-1.19.jar;D:\apache-maven-3.9.11-bin\maven_localRepository\com\github\virtuald\curvesapi\1.06\curvesapi-1.06.jar;D:\apache-maven-3.9.11-bin\maven_localRepository\org\apache\poi\poi-ooxml-schemas\4.1.2\poi-ooxml-schemas-4.1.2.jar;D:\apache-maven-3.9.11-bin\maven_localRepository\org\apache\xmlbeans\xmlbeans\3.1.0\xmlbeans-3.1.0.jar;D:\apache-maven-3.9.11-bin\maven_localRepository\org\apache\commons\commons-csv\1.8\commons-csv-1.8.jar;D:\apache-maven-3.9.11-bin\maven_localRepository\org\ehcache\ehcache\3.10.8\ehcache-3.10.8.jar;D:\apache-maven-3.9.11-bin\maven_localRepository\javax\cache\cache-api\1.1.1\cache-api-1.1.1.jar;D:\apache-maven-3.9.11-bin\maven_localRepository\commons-io\commons-io\2.11.0\commons-io-2.11.0.jar;D:\apache-maven-3.9.11-bin\maven_localRepository\org\slf4j\slf4j-api\1.7.36\slf4j-api-1.7.36.jar;D:\apache-maven-3.9.11-bin\maven_localRepository\com\itextpdf\itextpdf\5.5.13.4\itextpdf-5.5.13.4.jar;D:\apache-maven-3.9.11-bin\maven_localRepository\com\itextpdf\itext-asian\5.2.0\itext-asian-5.2.0.jar;D:\apache-maven-3.9.11-bin\maven_localRepository\org\projectlombok\lombok\1.18.30\lombok-1.18.30.jar;D:\apache-maven-3.9.11-bin\maven_localRepository\org\springframework\spring-core\5.3.31\spring-core-5.3.31.jar;D:\apache-maven-3.9.11-bin\maven_localRepository\org\springframework\spring-jcl\5.3.31\spring-jcl-5.3.31.jar; -sourcepath D:\毕设\health\student_health\src\main\java;D:\毕设\health\student_health\target\generated-sources\annotations; -s D:\毕设\health\student_health\target\generated-sources\annotations -processorpath D:\apache-maven-3.9.11-bin\maven_localRepository\org\projectlombok\lombok\1.18.32\lombok-1.18.32.jar; -g -parameters -nowarn -target 8 -source 8 -encoding UTF-8
[DEBUG] incrementalBuildHelper#beforeRebuildExecution
[INFO] Compiling 66 source files to D:\毕设\health\student_health\target\classes
[DEBUG] incrementalBuildHelper#afterRebuildExecution
[INFO] -------------------------------------------------------------
[ERROR] COMPILATION ERROR : 
[INFO] -------------------------------------------------------------
[ERROR] /D:/毕设/health/student_health/src/main/java/org/example/system/audit/AuditLogController.java:[30,51] 找不到符号
  符号:   方法 selectList(java.lang.String,java.lang.String,java.lang.String,int,int)
  位置: 类型为org.example.system.audit.AuditLogMapper的变量 auditLogMapper
[ERROR] /D:/毕设/health/student_health/src/main/java/org/example/system/audit/AuditLogController.java:[31,35] 找不到符号
  符号:   方法 count(java.lang.String,java.lang.String,java.lang.String)
  位置: 类型为org.example.system.audit.AuditLogMapper的变量 auditLogMapper
[INFO] 2 errors 
[INFO] -------------------------------------------------------------
[INFO] ------------------------------------------------------------------------
[INFO] BUILD FAILURE
[INFO] ------------------------------------------------------------------------
[INFO] Total time:  6.013 s
[INFO] Finished at: 2026-01-09T10:56:37+08:00
[INFO] ------------------------------------------------------------------------
[ERROR] Failed to execute goal org.apache.maven.plugins:maven-compiler-plugin:3.10.1:compile (default-compile) on project student_health: Compilation failure: Compilation failure: 
[ERROR] /D:/毕设/health/student_health/src/main/java/org/example/system/audit/AuditLogController.java:[30,51] 找不到符号
[ERROR]   符号:   方法 selectList(java.lang.String,java.lang.String,java.lang.String,int,int)
[ERROR]   位置: 类型为org.example.system.audit.AuditLogMapper的变量 auditLogMapper
[ERROR] /D:/毕设/health/student_health/src/main/java/org/example/system/audit/AuditLogController.java:[31,35] 找不到符号
[ERROR]   符号:   方法 count(java.lang.String,java.lang.String,java.lang.String)
[ERROR]   位置: 类型为org.example.system.audit.AuditLogMapper的变量 auditLogMapper
[ERROR] -> [Help 1]
org.apache.maven.lifecycle.LifecycleExecutionException: Failed to execute goal org.apache.maven.plugins:maven-compiler-plugin:3.10.1:compile (default-compile) on project student_health: Compilation failure
    at org.apache.maven.lifecycle.internal.MojoExecutor.doExecute2 (MojoExecutor.java:333)
    at org.apache.maven.lifecycle.internal.MojoExecutor.doExecute (MojoExecutor.java:316)
    at org.apache.maven.lifecycle.internal.MojoExecutor.execute (MojoExecutor.java:212)
    at org.apache.maven.lifecycle.internal.MojoExecutor.execute (MojoExecutor.java:174)
    at org.apache.maven.lifecycle.internal.MojoExecutor.access$000 (MojoExecutor.java:75)
    at org.apache.maven.lifecycle.internal.MojoExecutor$1.run (MojoExecutor.java:162)
    at org.apache.maven.plugin.DefaultMojosExecutionStrategy.execute (DefaultMojosExecutionStrategy.java:39)
    at org.apache.maven.lifecycle.internal.MojoExecutor.execute (MojoExecutor.java:159)
    at org.apache.maven.lifecycle.internal.LifecycleModuleBuilder.buildProject (LifecycleModuleBuilder.java:105)
    at org.apache.maven.lifecycle.internal.LifecycleModuleBuilder.buildProject (LifecycleModuleBuilder.java:73)
    at org.apache.maven.lifecycle.internal.builder.singlethreaded.SingleThreadedBuilder.build (SingleThreadedBuilder.java:53)
    at org.apache.maven.lifecycle.internal.LifecycleStarter.execute (LifecycleStarter.java:118)
    at org.apache.maven.DefaultMaven.doExecute (DefaultMaven.java:261)
    at org.apache.maven.DefaultMaven.doExecute (DefaultMaven.java:173)
    at org.apache.maven.DefaultMaven.execute (DefaultMaven.java:101)
    at org.apache.maven.cli.MavenCli.execute (MavenCli.java:906)
    at org.apache.maven.cli.MavenCli.doMain (MavenCli.java:283)
    at org.apache.maven.cli.MavenCli.main (MavenCli.java:206)
    at sun.reflect.NativeMethodAccessorImpl.invoke0 (Native Method)
    at sun.reflect.NativeMethodAccessorImpl.invoke (NativeMethodAccessorImpl.java:62)
    at sun.reflect.DelegatingMethodAccessorImpl.invoke (DelegatingMethodAccessorImpl.java:43)
    at java.lang.reflect.Method.invoke (Method.java:498)
    at org.codehaus.plexus.classworlds.launcher.Launcher.launchEnhanced (Launcher.java:255)
    at org.codehaus.plexus.classworlds.launcher.Launcher.launch (Launcher.java:201)
    at org.codehaus.plexus.classworlds.launcher.Launcher.mainWithExitCode (Launcher.java:361)
    at org.codehaus.plexus.classworlds.launcher.Launcher.main (Launcher.java:314)
Caused by: org.apache.maven.plugin.compiler.CompilationFailureException: Compilation failure
    at org.apache.maven.plugin.compiler.AbstractCompilerMojo.execute (AbstractCompilerMojo.java:1310)
    at org.apache.maven.plugin.compiler.CompilerMojo.execute (CompilerMojo.java:198)
    at org.apache.maven.plugin.DefaultBuildPluginManager.executeMojo (DefaultBuildPluginManager.java:126)
    at org.apache.maven.lifecycle.internal.MojoExecutor.doExecute2 (MojoExecutor.java:328)
    at org.apache.maven.lifecycle.internal.MojoExecutor.doExecute (MojoExecutor.java:316)
    at org.apache.maven.lifecycle.internal.MojoExecutor.execute (MojoExecutor.java:212)
    at org.apache.maven.lifecycle.internal.MojoExecutor.execute (MojoExecutor.java:174)
    at org.apache.maven.lifecycle.internal.MojoExecutor.access$000 (MojoExecutor.java:75)
    at org.apache.maven.lifecycle.internal.MojoExecutor$1.run (MojoExecutor.java:162)
    at org.apache.maven.plugin.DefaultMojosExecutionStrategy.execute (DefaultMojosExecutionStrategy.java:39)
    at org.apache.maven.lifecycle.internal.MojoExecutor.execute (MojoExecutor.java:159)
    at org.apache.maven.lifecycle.internal.LifecycleModuleBuilder.buildProject (LifecycleModuleBuilder.java:105)
    at org.apache.maven.lifecycle.internal.LifecycleModuleBuilder.buildProject (LifecycleModuleBuilder.java:73)
    at org.apache.maven.lifecycle.internal.builder.singlethreaded.SingleThreadedBuilder.build (SingleThreadedBuilder.java:53)
    at org.apache.maven.lifecycle.internal.LifecycleStarter.execute (LifecycleStarter.java:118)
    at org.apache.maven.DefaultMaven.doExecute (DefaultMaven.java:261)
    at org.apache.maven.DefaultMaven.doExecute (DefaultMaven.java:173)
    at org.apache.maven.DefaultMaven.execute (DefaultMaven.java:101)
    at org.apache.maven.cli.MavenCli.execute (MavenCli.java:906)
    at org.apache.maven.cli.MavenCli.doMain (MavenCli.java:283)
    at org.apache.maven.cli.MavenCli.main (MavenCli.java:206)
    at sun.reflect.NativeMethodAccessorImpl.invoke0 (Native Method)
    at sun.reflect.NativeMethodAccessorImpl.invoke (NativeMethodAccessorImpl.java:62)
    at sun.reflect.DelegatingMethodAccessorImpl.invoke (DelegatingMethodAccessorImpl.java:43)
    at java.lang.reflect.Method.invoke (Method.java:498)
    at org.codehaus.plexus.classworlds.launcher.Launcher.launchEnhanced (Launcher.java:255)
    at org.codehaus.plexus.classworlds.launcher.Launcher.launch (Launcher.java:201)
    at org.codehaus.plexus.classworlds.launcher.Launcher.mainWithExitCode (Launcher.java:361)
    at org.codehaus.plexus.classworlds.launcher.Launcher.main (Launcher.java:314)
[ERROR] 
[ERROR] 
[ERROR] For more information about the errors and possible solutions, please read the following articles:
[ERROR] [Help 1] http://cwiki.apache.org/confluence/display/MAVEN/MojoFailureException
[DEBUG] Shutting down adapter factory; available factories [file-lock, rwlock-local, semaphore-local, noop]; available name mappers [discriminating, file-gav, file-hgav, file-static, gav, static]
[DEBUG] Shutting down 'file-lock' factory
[DEBUG] Shutting down 'rwlock-local' factory
[DEBUG] Shutting down 'semaphore-local' factory
[DEBUG] Shutting down 'noop' factory
